classification	sha256	source	sensitivity	generated	path
INCLUDE_EVIDENCE	70e3f482b9bb53fba7b560055a337e685845c47391db3135f421283c6f974e6b	formal-task-or-report	reviewed-project-evidence	mixed	docs/collaboration/README.md
EXCLUDE_GIT	51f267f998320922d3bba9a38033958db94eb84f759b142917d831e59ff8c4ef	local-generated-or-sensitive	exclude-git	mixed	docs/collaboration/scripts/__pycache__/agent_team_task.cpython-314.pyc
INCLUDE_EVIDENCE	b006dddce48aa4e5bc2cb33260a62d95e60240d179dea506e71d4409763e62bf	formal-task-or-report	reviewed-project-evidence	mixed	docs/collaboration/scripts/agent_team_log.py
INCLUDE_EVIDENCE	7253ce1d034c98d2a7f52df7f9b41d18a3c870226aede0228fb5db687c8a989f	formal-task-or-report	reviewed-project-evidence	mixed	docs/collaboration/scripts/agent_team_session.py
INCLUDE_EVIDENCE	bb8b4242bfa5570830b7fce221069eade9cf989fc06296ac805788e58195a616	formal-task-or-report	reviewed-project-evidence	mixed	docs/collaboration/scripts/agent_team_task.py
INCLUDE_EVIDENCE	b1fb0300a7137c18bd5664e338e67107536df9bf44327f82c31f5156e1814812	formal-task-or-report	reviewed-project-evidence	mixed	docs/collaboration/scripts/agent_team_temporary.py
INCLUDE_EVIDENCE	0bf1a9234380f2b8b0df919bfab69761a06448ebfb0f788abd5ecaabb6ecceaf	formal-task-or-report	reviewed-project-evidence	mixed	docs/collaboration/tasks/TASK-20260730-1C80CE.json
INCLUDE_EVIDENCE	dbc3a9ccde398260089e5a011c88cdca608c7637e2a5220b7a91ba7174a92bd9	formal-task-or-report	reviewed-project-evidence	mixed	docs/collaboration/tasks/TASK-20260730-393806.json
INCLUDE_EVIDENCE	e347fce911eb68d43770a0e1d291ebea8f39eb1ff46e21ca21bf775d336420df	formal-task-or-report	reviewed-project-evidence	mixed	docs/collaboration/tasks/TASK-20260730-C9AE43.json
INCLUDE_EVIDENCE	ce28267bb4c5a7628c8458675b2537a3a7c4243615c034fd95f3d71138613d80	formal-task-or-report	reviewed-project-evidence	mixed	docs/collaboration/tasks/TASK-20260730-D1F579.json
INCLUDE_EVIDENCE	df237060450a69ef11469ed63ea0c753919b6a6d550cd1f05574fd9468fdaa51	formal-task-or-report	reviewed-project-evidence	mixed	docs/collaboration/tasks/TASK-20260730-E2E459.json
INCLUDE_EVIDENCE	4391136a9b3dd8762522387e948880f1f00f0259d7de3dd20050ba27d1fc396f	formal-task-or-report	reviewed-project-evidence	mixed	docs/collaboration/tasks/TASK-20260730-F18AE4.json
INCLUDE_EVIDENCE	ee4c474e12fa83f9ccf20b04390e8bf8041bc2c318f72046df4ab81f88385801	formal-task-or-report	reviewed-project-evidence	mixed	docs/collaboration/tasks/TASK-20260731-2FD2F3.json
INCLUDE_EVIDENCE	36daac87a7db9c1a59bdcc9fbfba3cc3c107049abfaa3f993b3e8a156170285f	formal-task-or-report	reviewed-project-evidence	mixed	docs/collaboration/tasks/TASK-20260731-62E77D.json
INCLUDE_EVIDENCE	8fc70747e7506b0cb27b4e201f99662c2f64e41cf5731ef7f9b8a841f20c1882	formal-task-or-report	reviewed-project-evidence	mixed	docs/collaboration/tasks/TASK-20260731-85233C.json
INCLUDE_EVIDENCE	46729cebf36e167fde0bb17d92620e453ca814b2e5c574e744d59d538cd29933	formal-task-or-report	reviewed-project-evidence	mixed	docs/collaboration/tasks/TASK-20260731-8C8680.json
INCLUDE_EVIDENCE	bf9bff377b0a603501caf852c1de017aee587801866ea1f1fcf25544fbd0b451	formal-task-or-report	reviewed-project-evidence	mixed	docs/collaboration/tasks/TASK-20260731-8DE25C.json
INCLUDE_EVIDENCE	910b2819cac98998403185d27f879af63d402908b4b33e7f5d558b5ad8c1b4c9	formal-task-or-report	reviewed-project-evidence	mixed	docs/collaboration/tasks/TASK-20260731-BCDD29.json
INCLUDE_EVIDENCE	ee09363391aa63df56531c08d7b4ea93ea0bac8185a85ee9f10c0ec6c58bf7fb	formal-task-or-report	reviewed-project-evidence	mixed	docs/collaboration/tasks/TASK-20260731-FC8378.json
INCLUDE_EVIDENCE	d545126c1082c83e8c191c8dbee49f1f96bba800f5708273b547b9a6abdc8ed4	formal-task-or-report	reviewed-project-evidence	mixed	docs/collaboration/tasks/TASK-20260801-080C8A.json
INCLUDE_EVIDENCE	3e1d4be696532671af6a3592caf543ecf36377cff8f8f27491d69e7bd4382a18	formal-task-or-report	reviewed-project-evidence	mixed	docs/collaboration/tasks/TASK-20260801-08E045.json
INCLUDE_EVIDENCE	b0cba88e9d8825fdaf5707de41b5a84cf2d990d369663d6579456a1761000fcc	formal-task-or-report	reviewed-project-evidence	mixed	docs/collaboration/tasks/TASK-20260801-0A6CA0.json
INCLUDE_EVIDENCE	bdf239aac250d3c80eb9e53e2ae54a14fcacbaa97d5c3b71e58286a4413c5a91	formal-task-or-report	reviewed-project-evidence	mixed	docs/collaboration/tasks/TASK-20260801-24D860.json
INCLUDE_EVIDENCE	f2baed4b2ebf0827b357eae8bdd399731983ec831e66a0005b7232ffe13a71d6	formal-task-or-report	reviewed-project-evidence	mixed	docs/collaboration/tasks/TASK-20260801-2AA8FC.json
INCLUDE_EVIDENCE	42c9ec708538663cd9e7e6f6f3a00d69d58283980150018d8c3d8870d998a8ed	formal-task-or-report	reviewed-project-evidence	mixed	docs/collaboration/tasks/TASK-20260801-508D03.json
INCLUDE_EVIDENCE	f2bd43322af3a496df679901a2a08832ad39a68d9aa30a953bb3e5b4ce9e33ef	formal-task-or-report	reviewed-project-evidence	mixed	docs/collaboration/tasks/TASK-20260801-57E98D.json
INCLUDE_EVIDENCE	624a16ad0026beec993383e7bc85d5aaa1943c817fb4421c38495753cdd99c7f	formal-task-or-report	reviewed-project-evidence	mixed	docs/collaboration/tasks/TASK-20260801-5A90E3.json
INCLUDE_EVIDENCE	f892125bbdf2e406345b9d58baeab3ec2bd99aba79b3abf7e2a8500020d8c711	formal-task-or-report	reviewed-project-evidence	mixed	docs/collaboration/tasks/TASK-20260801-6086D8.json
INCLUDE_EVIDENCE	136e86327847e40b01f4e92d4c050d82589f759de191c1fb1967795568ad9de3	formal-task-or-report	reviewed-project-evidence	mixed	docs/collaboration/tasks/TASK-20260801-71E193.json
INCLUDE_EVIDENCE	ceb25f555d235c8f6ab70fd7292b17908002133cc45ad3cc1f03cae3cb17708c	formal-task-or-report	reviewed-project-evidence	mixed	docs/collaboration/tasks/TASK-20260801-812839.json
INCLUDE_EVIDENCE	862307d9c31265ff273a3c8677a2b3e1165edb5e02ea08262d74a79475f980b6	formal-task-or-report	reviewed-project-evidence	mixed	docs/collaboration/tasks/TASK-20260801-83CEBE.json
INCLUDE_EVIDENCE	6625ab368698185272c1bbe2a7ebff6a933f30993e6e72db6d58749be18e192c	formal-task-or-report	reviewed-project-evidence	mixed	docs/collaboration/tasks/TASK-20260801-847A78.json
INCLUDE_EVIDENCE	a3b55f8a5df6f5d8edfeeb17387814022981aab2dde84df8812a4e076e0ffb28	formal-task-or-report	reviewed-project-evidence	mixed	docs/collaboration/tasks/TASK-20260801-878515.json
INCLUDE_EVIDENCE	bce2ed9eb07999352b4ce3522e7a40822fa3f20ec35e59d91d762ce6e0184962	formal-task-or-report	reviewed-project-evidence	mixed	docs/collaboration/tasks/TASK-20260801-B104B8.json
INCLUDE_EVIDENCE	598a49cf935d3124225157aea995cdd1561e3121c3f95a13d6d85cbaef98e152	formal-task-or-report	reviewed-project-evidence	mixed	docs/collaboration/tasks/TASK-20260801-B8329A.json
INCLUDE_EVIDENCE	e3864152d7f97bfc67309d99c9ccc088f0f29a8632cace600f50e593ed712db0	formal-task-or-report	reviewed-project-evidence	mixed	docs/collaboration/tasks/TASK-20260801-C51A87.json
INCLUDE_EVIDENCE	6d0e0b17bcb8fa7507294dd1c76b6d19da9d102534b1e5f3d6866a6cfe412ed4	formal-task-or-report	reviewed-project-evidence	mixed	docs/collaboration/tasks/TASK-20260801-C884AB.json
INCLUDE_EVIDENCE	faa395af6799a2574346481ef8414951657c95eb9875227abe5e75f2653e83c2	formal-task-or-report	reviewed-project-evidence	mixed	docs/collaboration/tasks/TASK-20260801-CDB074.json
INCLUDE_EVIDENCE	bf243f203a7541296eeab03f98277d8ab742b2ca7b4c62896f278b87a8ff5d75	formal-task-or-report	reviewed-project-evidence	mixed	docs/collaboration/tasks/TASK-20260801-E5128C.json
INCLUDE_EVIDENCE	59a6944cb4f2bc71e3a894edfb1dbc9c1b33b155c8737c595f0f9dd6c9108533	formal-task-or-report	reviewed-project-evidence	mixed	docs/collaboration/tasks/TASK-20260801-EE36EF.json
INCLUDE_EVIDENCE	d76f313f5b4d1e01a9e1af9ffb153d38d34dabc863f978df1dd56b5a6673bfbd	formal-task-or-report	reviewed-project-evidence	mixed	docs/collaboration/tasks/TASK-20260801-F4526F.json
INCLUDE_EVIDENCE	d77bd656dec1b8d9801f9c4c56c65df90b4ca1d700f3c820085beb5fac5d0221	formal-task-or-report	reviewed-project-evidence	mixed	docs/collaboration/tasks/TASK-20260802-01D787.json
INCLUDE_EVIDENCE	1e841740e5374db20816949ac0487cc6587347c5e524ee6cd6e1738b14502bd9	formal-task-or-report	reviewed-project-evidence	mixed	docs/collaboration/tasks/TASK-20260802-026EC3.json
INCLUDE_EVIDENCE	eb0870d11eb59480aa7075759e05d09ced59a78c981bebd937a5dc09fc16312e	formal-task-or-report	reviewed-project-evidence	mixed	docs/collaboration/tasks/TASK-20260802-04E0A2.json
INCLUDE_EVIDENCE	050e5f0af7b8611d68fed52a45dcb31e0ca7e75df768c6846fb2dcae7ac1009b	formal-task-or-report	reviewed-project-evidence	mixed	docs/collaboration/tasks/TASK-20260802-124BE1.json
INCLUDE_EVIDENCE	d1ec5e99f7aff35c4df616207545d096076deb13e832ff3a7c34a07b8399e510	formal-task-or-report	reviewed-project-evidence	mixed	docs/collaboration/tasks/TASK-20260802-131D64.json
INCLUDE_EVIDENCE	4d891dcabb75b720731bf2649b9afbda635e02229bae227d18e4f1d9252bb955	formal-task-or-report	reviewed-project-evidence	mixed	docs/collaboration/tasks/TASK-20260802-14FE35.json
INCLUDE_EVIDENCE	526ae10bc8de120d915f4ca6e12578f6f55acefd72a86bbd61e8679a0bf5b1a6	formal-task-or-report	reviewed-project-evidence	mixed	docs/collaboration/tasks/TASK-20260802-158240.json
INCLUDE_EVIDENCE	617c366d2e9ee4070cfc6db05a8d4fb7bd178a14bda480f5c998d25bdc4f652c	formal-task-or-report	reviewed-project-evidence	mixed	docs/collaboration/tasks/TASK-20260802-1C9F71.json
INCLUDE_EVIDENCE	19909a3ebbe4fb6122c90c4f21efd0b97b608f3bceafbd2c000fe442afc3bf2e	formal-task-or-report	reviewed-project-evidence	mixed	docs/collaboration/tasks/TASK-20260802-214FED.json
INCLUDE_EVIDENCE	f578f8106fcdafff7f25f2ba07549a32af43f9b4444fac99d694f5ffe4279660	formal-task-or-report	reviewed-project-evidence	mixed	docs/collaboration/tasks/TASK-20260802-2437C9.json
INCLUDE_EVIDENCE	816bfbe54bf3ec033991f1e42d0d2112f27f3cc99a3e10dec4e7a775175f3dbf	formal-task-or-report	reviewed-project-evidence	mixed	docs/collaboration/tasks/TASK-20260802-28882C.json
INCLUDE_EVIDENCE	3070ebe705525447d8ead36c193aca9f09e936c7314486b1eb09cc0e97ca8db3	formal-task-or-report	reviewed-project-evidence	mixed	docs/collaboration/tasks/TASK-20260802-29333B.json
INCLUDE_EVIDENCE	dccce85c17cb89c6bdc0fa57e8f0b6a813d77cf01e7ce8cacedecacc155a3733	formal-task-or-report	reviewed-project-evidence	mixed	docs/collaboration/tasks/TASK-20260802-337780.json
INCLUDE_EVIDENCE	053764db55d548a4afe4f3097dc9ace7f41aafc82a9ca771a312f41852edd591	formal-task-or-report	reviewed-project-evidence	mixed	docs/collaboration/tasks/TASK-20260802-3760F6.json
INCLUDE_EVIDENCE	cb34e76cbe76f339e0e1d8b90884414aa703fbf46e60964febcd6b13452220eb	formal-task-or-report	reviewed-project-evidence	mixed	docs/collaboration/tasks/TASK-20260802-45A639.json
INCLUDE_EVIDENCE	9775d99cf06e818f87e33c50b4c23e2451543ef73930e9883ceeb96655aef671	formal-task-or-report	reviewed-project-evidence	mixed	docs/collaboration/tasks/TASK-20260802-462E1A.json
INCLUDE_EVIDENCE	71d11778bc1c5e0260069fbbda703debae3184ccac8d429c29d970a91bda4c69	formal-task-or-report	reviewed-project-evidence	mixed	docs/collaboration/tasks/TASK-20260802-49B4AF.json
INCLUDE_EVIDENCE	fcd0cf22fb9d7fce20e6ce4a1f342502591608ba2ef9af6e13d2f338015ebaaf	formal-task-or-report	reviewed-project-evidence	mixed	docs/collaboration/tasks/TASK-20260802-4CE4F0.json
INCLUDE_EVIDENCE	f39eb98b493578872e1c4289f0d4a377a8b06eceab00bd28d5e74c3d00617de1	formal-task-or-report	reviewed-project-evidence	mixed	docs/collaboration/tasks/TASK-20260802-4D3684.json
INCLUDE_EVIDENCE	61e02c9ca2952b9a4e2b7f7ebdcafc2ee8a9a5a7bd37d15869301afb2ef28451	formal-task-or-report	reviewed-project-evidence	mixed	docs/collaboration/tasks/TASK-20260802-574A6D.json
INCLUDE_EVIDENCE	690af3e10c966762440a9b9fb28effc589469e71eb4025e252dc86f31b03b06f	formal-task-or-report	reviewed-project-evidence	mixed	docs/collaboration/tasks/TASK-20260802-5809E0.json
INCLUDE_EVIDENCE	725fba8b01f14ba2ded08904ca07524284672b1a8f90aa0375fed1772e526eb5	formal-task-or-report	reviewed-project-evidence	mixed	docs/collaboration/tasks/TASK-20260802-5B8665.json
INCLUDE_EVIDENCE	5ff154777601f840c0156612c367685d7be6e52c432572b193a36716f76f4b03	formal-task-or-report	reviewed-project-evidence	mixed	docs/collaboration/tasks/TASK-20260802-5BAF26.json
INCLUDE_EVIDENCE	87e0c7791972c02565d4477c34937f4d36d61a5807a2b0049566b821a7b31882	formal-task-or-report	reviewed-project-evidence	mixed	docs/collaboration/tasks/TASK-20260802-5BD745.json
INCLUDE_EVIDENCE	a85f906dc1bed23531516213f4f9054b650ad2d62ed522858808616b2ff932dc	formal-task-or-report	reviewed-project-evidence	mixed	docs/collaboration/tasks/TASK-20260802-68F43E.json
INCLUDE_EVIDENCE	82e3a0f3bf878aaf271f561caffe4f3f7e0a4c6a957b7989dc4a944e17ba25bb	formal-task-or-report	reviewed-project-evidence	mixed	docs/collaboration/tasks/TASK-20260802-6DAEAE.json
INCLUDE_EVIDENCE	b69644c60275f5d95e74f029536dcc5a5ee9bcde6927d662adb2cbed0d6dbd79	formal-task-or-report	reviewed-project-evidence	mixed	docs/collaboration/tasks/TASK-20260802-6E342D.json
INCLUDE_EVIDENCE	6dc87a779c9ff0c85381bba1748d4a919770653bb14b03c8060970a77f56a053	formal-task-or-report	reviewed-project-evidence	mixed	docs/collaboration/tasks/TASK-20260802-6F480F.json
INCLUDE_EVIDENCE	e1b5bb095dfb146791d56fea22de99e21f1e8cad533b66bf4bc168b565ac6592	formal-task-or-report	reviewed-project-evidence	mixed	docs/collaboration/tasks/TASK-20260802-6F7563.json
INCLUDE_EVIDENCE	83fe5974ca08588d09e0e13bae49a0b2be185c9475aa021f9c449148c7481227	formal-task-or-report	reviewed-project-evidence	mixed	docs/collaboration/tasks/TASK-20260802-7746F8.json
INCLUDE_EVIDENCE	4151a48b29c882f6aa59da29e783bfa0872d00004aaf222041b4b6081be87075	formal-task-or-report	reviewed-project-evidence	mixed	docs/collaboration/tasks/TASK-20260802-780373.json
INCLUDE_EVIDENCE	7fd6b61d80bcd52657761a4d48effee19594d320e4d68281b76a680b672b274a	formal-task-or-report	reviewed-project-evidence	mixed	docs/collaboration/tasks/TASK-20260802-7A9C48.json
INCLUDE_EVIDENCE	bcce3d487cc7a860f8562d74a574761b7e1355d97b2b097d2ce1da1f91c9253b	formal-task-or-report	reviewed-project-evidence	mixed	docs/collaboration/tasks/TASK-20260802-7AB283.json
INCLUDE_EVIDENCE	642fb1131b4ceafc154179819b66aeb08432f36710d0ecbafee82c27e06f6f00	formal-task-or-report	reviewed-project-evidence	mixed	docs/collaboration/tasks/TASK-20260802-7BFD99.json
INCLUDE_EVIDENCE	6b71587d9b0e443bd1010943d2e54e9a421867e7dabb219ee609b32f480ed3fc	formal-task-or-report	reviewed-project-evidence	mixed	docs/collaboration/tasks/TASK-20260802-7C7573.json
INCLUDE_EVIDENCE	301eff3317f2c9d71b9e36c17e91d22226d294faad4bbd6b8741a21b43c5ff7e	formal-task-or-report	reviewed-project-evidence	mixed	docs/collaboration/tasks/TASK-20260802-7F3D22.json
INCLUDE_EVIDENCE	91ffe33a0eac6d940fc9a75657ad21145cb89be0372118258d826ad1fd0448ae	formal-task-or-report	reviewed-project-evidence	mixed	docs/collaboration/tasks/TASK-20260802-81F4E1.json
INCLUDE_EVIDENCE	da22e212035eab5c1ecc34ea85290b22f72b539086094030c0599228cc2a99d7	formal-task-or-report	reviewed-project-evidence	mixed	docs/collaboration/tasks/TASK-20260802-84F061.json
INCLUDE_EVIDENCE	9071be2a20709a566d17d13465ae481a0beef1e6906b5a915fedfad252669004	formal-task-or-report	reviewed-project-evidence	mixed	docs/collaboration/tasks/TASK-20260802-887EA7.json
INCLUDE_EVIDENCE	9e6804fc9361490f5176301c3ebcdf7f677b73172de876db7f73739ee12febac	formal-task-or-report	reviewed-project-evidence	mixed	docs/collaboration/tasks/TASK-20260802-89A020.json
INCLUDE_EVIDENCE	7166f3f14294e0e1bf930c0d963e2ff5c48a8f737c866c2d8628a9523382d185	formal-task-or-report	reviewed-project-evidence	mixed	docs/collaboration/tasks/TASK-20260802-89CC34.json
INCLUDE_EVIDENCE	bb2b406f11d858c21232e068437e9ad1907e136456c13a977e5f94cbd054da11	formal-task-or-report	reviewed-project-evidence	mixed	docs/collaboration/tasks/TASK-20260802-8B5DCF.json
INCLUDE_EVIDENCE	9e070c0ff0c705e410db6644541696633a5d701c0d2c8ea3b27fcb4959f43b28	formal-task-or-report	reviewed-project-evidence	mixed	docs/collaboration/tasks/TASK-20260802-8FF37A.json
INCLUDE_EVIDENCE	50caffb6ec86b59d2aae7d5e4f8016ef0abb84a4e2166def9d7482957d0644c8	formal-task-or-report	reviewed-project-evidence	mixed	docs/collaboration/tasks/TASK-20260802-90B1C2.json
INCLUDE_EVIDENCE	58f23e7a695fc3a54af182516fcb9ffe53e47749240c7e92d06434c6993efddf	formal-task-or-report	reviewed-project-evidence	mixed	docs/collaboration/tasks/TASK-20260802-90B834.json
INCLUDE_EVIDENCE	efd445406b4ef48406059ad05f87b5126b558d7f42f993a3eb9a0704903c5d77	formal-task-or-report	reviewed-project-evidence	mixed	docs/collaboration/tasks/TASK-20260802-933C1C.json
INCLUDE_EVIDENCE	a82550d772580676cdd3b30adc90e9fa31e799920d106a8baf6831ac609ba3dc	formal-task-or-report	reviewed-project-evidence	mixed	docs/collaboration/tasks/TASK-20260802-99A60E.json
INCLUDE_EVIDENCE	b9d3471e569d5eaa005ccd408a03fce24913e0edfcb4bb3e3a81891b05c71184	formal-task-or-report	reviewed-project-evidence	mixed	docs/collaboration/tasks/TASK-20260802-9E9AC7.json
INCLUDE_EVIDENCE	2c32d811a43d6e4f19a0cd78410a89a96ebf1163af1d027d3cd998d58c2f6769	formal-task-or-report	reviewed-project-evidence	mixed	docs/collaboration/tasks/TASK-20260802-A4358C.json
INCLUDE_EVIDENCE	fea80c73b31aa30f9d5ded77223964a0f2116013311b9c8eba48a4e9193d7f61	formal-task-or-report	reviewed-project-evidence	mixed	docs/collaboration/tasks/TASK-20260802-A7BA84.json
INCLUDE_EVIDENCE	35458e8eb0e44738d60a33df545a5217eeec908a7b46381a2aedd91602e1bb8f	formal-task-or-report	reviewed-project-evidence	mixed	docs/collaboration/tasks/TASK-20260802-ABB9F8.json
INCLUDE_EVIDENCE	693bb3e9cea53f46785669711e2c692ac5f02fb21cbad244b3743b7e16ab1f3e	formal-task-or-report	reviewed-project-evidence	mixed	docs/collaboration/tasks/TASK-20260802-BA178A.json
INCLUDE_EVIDENCE	589453b83199e3a594ae7de4633a6f152c482178fe13c8b56bd61121a88ded33	formal-task-or-report	reviewed-project-evidence	mixed	docs/collaboration/tasks/TASK-20260802-C093C7.json
INCLUDE_EVIDENCE	25c8c0106aa7ec88470351b7313a52ecf09614f7be99d18b5a443b9f9acd984e	formal-task-or-report	reviewed-project-evidence	mixed	docs/collaboration/tasks/TASK-20260802-C29BB8.json
INCLUDE_EVIDENCE	5764ac7f0705f7619781fadd84642a204d6dd36cde143001ec3427af9554b6de	formal-task-or-report	reviewed-project-evidence	mixed	docs/collaboration/tasks/TASK-20260802-D11DCA.json
INCLUDE_EVIDENCE	db20e305cc42ace50cd864f79fad996855a753f01dddc165358747997ddca51f	formal-task-or-report	reviewed-project-evidence	mixed	docs/collaboration/tasks/TASK-20260802-D2724D.json
INCLUDE_EVIDENCE	3dd2187272a214cdee640e65c4217eaec0e57dc924bfc6cb5cefbaba7cad4428	formal-task-or-report	reviewed-project-evidence	mixed	docs/collaboration/tasks/TASK-20260802-D27E44.json
INCLUDE_EVIDENCE	c679698f1b909128ed9dee97fcb9bf43654ed0b73efb45d16a72582620127e9d	formal-task-or-report	reviewed-project-evidence	mixed	docs/collaboration/tasks/TASK-20260802-D70CFC.json
INCLUDE_EVIDENCE	720f672bd76c729b71ae5698c333ecc99eba04532a941bf9b7bb188affb3caf7	formal-task-or-report	reviewed-project-evidence	mixed	docs/collaboration/tasks/TASK-20260802-D80846.json
INCLUDE_EVIDENCE	b77c0ce4b9b1bb64acf6a931a18c9d341a90525b7193051fa44e0d1dff768885	formal-task-or-report	reviewed-project-evidence	mixed	docs/collaboration/tasks/TASK-20260802-D99E7E.json
INCLUDE_EVIDENCE	dfbd9dfd83e23b72af560f8a2cf4f4dcefaf21a6257c0ab28c576d902d3fa806	formal-task-or-report	reviewed-project-evidence	mixed	docs/collaboration/tasks/TASK-20260802-D9DA43.json
INCLUDE_EVIDENCE	278a61ac434d5e92e7047ad079badeef8ebce27e07f6f49324d2575605125e83	formal-task-or-report	reviewed-project-evidence	mixed	docs/collaboration/tasks/TASK-20260802-E1CFC2.json
INCLUDE_EVIDENCE	fc982dcc66a9402cea1413b4bc3a756be4fa321f885acb242096147e9c9ebad2	formal-task-or-report	reviewed-project-evidence	mixed	docs/collaboration/tasks/TASK-20260802-E4706F.json
INCLUDE_EVIDENCE	f69ae8b875f628b532133ac1c2299c42578f73c5e2340fa81d136bffe82eb6b3	formal-task-or-report	reviewed-project-evidence	mixed	docs/collaboration/tasks/TASK-20260802-E6623B.json
INCLUDE_EVIDENCE	79166274d0d3c4f97f0af2252c1ade4cdb02e18f03dca9d755c5412bbaf7f6f0	formal-task-or-report	reviewed-project-evidence	mixed	docs/collaboration/tasks/TASK-20260802-EFA8A7.json
INCLUDE_EVIDENCE	56a5913d3770c15189c8b225a39964ab0e5a975b13e6d3f3df9fac183f21de79	formal-task-or-report	reviewed-project-evidence	mixed	docs/collaboration/tasks/TASK-20260802-F23239.json
INCLUDE_EVIDENCE	5f9134ba12685bce995eaf64832b77c68830ff8942fc65a49dbd90800e3bc59b	formal-task-or-report	reviewed-project-evidence	mixed	docs/collaboration/tasks/TASK-20260802-F82B9E.json
INCLUDE_EVIDENCE	1c3add6bec8a4b7e618f6299ce70c6a039044ca0046a31e6257b19e30f7a55c1	formal-task-or-report	reviewed-project-evidence	mixed	docs/collaboration/tasks/TASK-20260802-F8BF72.json
INCLUDE_EVIDENCE	a82e704af206d420cfa13e45b6d214d3eb03040ef51f5b262b57c815dd2bcba1	formal-task-or-report	reviewed-project-evidence	mixed	docs/collaboration/tasks/TASK-20260802-FA36FE.json
INCLUDE_EVIDENCE	5599e5e96e3759b59ba6262ba268b13dc84f847e9c33c80b409d6ccd8b845a24	formal-task-or-report	reviewed-project-evidence	mixed	docs/collaboration/tasks/TASK-20260802-FFC67A.json
INCLUDE_EVIDENCE	c931df6126497a67961ea86aa06007be4f64b8a34e93b98096b518b709afba86	formal-task-or-report	reviewed-project-evidence	mixed	docs/collaboration/tasks/TASK-20260803-2F2899.json
INCLUDE_EVIDENCE	01fc853eb635d3ab498ba22007591ccf0ac5651d81fa1ab510ec04a88914ed7c	formal-task-or-report	reviewed-project-evidence	mixed	docs/collaboration/tasks/TASK-20260803-5991EE.json
INCLUDE_EVIDENCE	733e3667925c3e7b283c896b0a12cce691bf043469ac6e9040cefdb3306fd9f1	formal-task-or-report	reviewed-project-evidence	mixed	docs/collaboration/tasks/TASK-20260803-8C85B4.json
INCLUDE_EVIDENCE	c429df7e451452d6b4229fd7f4c8dee2e50c8853e0635d70293399a12aa1cf4a	formal-task-or-report	reviewed-project-evidence	mixed	docs/collaboration/tasks/TASK-20260803-8C9709.json
INCLUDE_EVIDENCE	f5f7a4576f51c850d0d6b5748167d3dbda2e926930f6e3a84c01c3a4d939f176	formal-task-or-report	reviewed-project-evidence	mixed	docs/collaboration/tasks/TASK-20260803-CD4228.json
INCLUDE_EVIDENCE	1697d322273619d7dc555e7e37ed1066b3a06d05a4222e330680a2a32811838e	formal-task-or-report	reviewed-project-evidence	mixed	docs/collaboration/tasks/TASK-20260803-D53BF3.json
INCLUDE_EVIDENCE	34ebbf7e19f64eb4bcdb14c8339a268a590d62a8ddc3f2c07a6a120fdce1c221	formal-task-or-report	reviewed-project-evidence	mixed	docs/collaboration/tasks/TASK-20260803-FB0D41.json
INCLUDE_EVIDENCE	38434aa57afe80eea57d2219bddb35d2496726cfd05ccd1305f2ea782005fd44	formal-task-or-report	reviewed-project-evidence	mixed	docs/collaboration/tasks/TASK-20260804-000EA6.json
INCLUDE_EVIDENCE	e856bd301703a9f985e0e5549281177fdc26395e3713092cd3ea8e939e66a0e0	formal-task-or-report	reviewed-project-evidence	mixed	docs/collaboration/tasks/TASK-20260804-00972D.json
INCLUDE_EVIDENCE	4b458face199b9e59de134d1601fa45dcc8614f898d811e735d6b0bebd08324f	formal-task-or-report	reviewed-project-evidence	mixed	docs/collaboration/tasks/TASK-20260804-0AEACE.json
INCLUDE_EVIDENCE	982a43b53b63db62c2b73e41c06efb480e0d8304b51144f3da29b868ddcee227	formal-task-or-report	reviewed-project-evidence	mixed	docs/collaboration/tasks/TASK-20260804-16B34F.json
INCLUDE_EVIDENCE	f54b083732415be0925e5b5a7d6da5dee18c5e7b9b85b0435fbe842fe5bc5463	formal-task-or-report	reviewed-project-evidence	mixed	docs/collaboration/tasks/TASK-20260804-1E075C.json
INCLUDE_EVIDENCE	4a16a6562eed49e8e982c5fce8e945abbeec4701cc9534b9ee50c6980d47977f	formal-task-or-report	reviewed-project-evidence	mixed	docs/collaboration/tasks/TASK-20260804-1F16EC.json
INCLUDE_EVIDENCE	437dc91b9698726d1158fe3793de441c610c5317405a31ef461766bc7f8304c9	formal-task-or-report	reviewed-project-evidence	mixed	docs/collaboration/tasks/TASK-20260804-253A43.json
INCLUDE_EVIDENCE	fe613e89495bd1819ba2c5ad61110e425f23f56cab829b7540b60f37a67894a7	formal-task-or-report	reviewed-project-evidence	mixed	docs/collaboration/tasks/TASK-20260804-3294F5.json
INCLUDE_EVIDENCE	fab1deb0e418e76af2fdb1e88fbec4175b8e96e2aa7d065248e3533b3ff1fecc	formal-task-or-report	reviewed-project-evidence	mixed	docs/collaboration/tasks/TASK-20260804-3AF992.json
INCLUDE_EVIDENCE	ec15c66156dc41dbb97a41a7adc896476d2637856d309b789907f0eedc95e9df	formal-task-or-report	reviewed-project-evidence	mixed	docs/collaboration/tasks/TASK-20260804-4B4628.json
INCLUDE_EVIDENCE	4da706181dca5d930c805b1ffa995627efca561a56ed634b3dc4a4dc84437dc6	formal-task-or-report	reviewed-project-evidence	mixed	docs/collaboration/tasks/TASK-20260804-504B0D.json
INCLUDE_EVIDENCE	f25779b531d70278535b8a1a1831629bfc73afc8eba34902817b79a4f1f607c3	formal-task-or-report	reviewed-project-evidence	mixed	docs/collaboration/tasks/TASK-20260804-538692.json
INCLUDE_EVIDENCE	fbcbb5a17aacc3f2ae8eab115bdcc3b9e2298b1cdef6a16114706c5b2b80b0f4	formal-task-or-report	reviewed-project-evidence	mixed	docs/collaboration/tasks/TASK-20260804-63D5A3.json
INCLUDE_EVIDENCE	500c1b9b4ec248f43383fc19def2017778bff249c73c90ff236c9a2e8a8a7e8b	formal-task-or-report	reviewed-project-evidence	mixed	docs/collaboration/tasks/TASK-20260804-697D1B.json
INCLUDE_EVIDENCE	bb53dfa0f30faa4a49f04aa06c347e23b4b81c04ca8e4610c1ba7bde9f0b163b	formal-task-or-report	reviewed-project-evidence	mixed	docs/collaboration/tasks/TASK-20260804-795FB0.json
INCLUDE_EVIDENCE	d43ee00818d3e7fc9749497374ec9f63091a1cbc77afb7cd9c93e235078713c8	formal-task-or-report	reviewed-project-evidence	mixed	docs/collaboration/tasks/TASK-20260804-897075.json
INCLUDE_EVIDENCE	7283d4fb881be59fcd09bc4e0c3b28ba5d1fbd61ab58a48443cfc5a71c39a514	formal-task-or-report	reviewed-project-evidence	mixed	docs/collaboration/tasks/TASK-20260804-9F2DAD.json
INCLUDE_EVIDENCE	ae51f75aadd24416ed4f2d0fb27b9247980d7801ae02bbb2a34272d382e3256a	formal-task-or-report	reviewed-project-evidence	mixed	docs/collaboration/tasks/TASK-20260804-A01DF7.json
INCLUDE_EVIDENCE	202bf14efb6d13930f95ac09ffd2fbb1a57bfff5246f8f9f692d52427d36ce79	formal-task-or-report	reviewed-project-evidence	mixed	docs/collaboration/tasks/TASK-20260804-A1A095.json
INCLUDE_EVIDENCE	de0e6e7ec2c27e4d5a31bd1e6fbe1f69527248c1334cd58dcb184e3794d14225	formal-task-or-report	reviewed-project-evidence	mixed	docs/collaboration/tasks/TASK-20260804-AC25D4.json
INCLUDE_EVIDENCE	b1fee1abc056fe81389fa2ff8c5581b5906c3ae61d0b30480d40a2597ef3d978	formal-task-or-report	reviewed-project-evidence	mixed	docs/collaboration/tasks/TASK-20260804-B9D885.json
INCLUDE_EVIDENCE	48f298907cdb5f6c7dafb0e28a1774712f16b63183542a73d1a6ecdd077c46aa	formal-task-or-report	reviewed-project-evidence	mixed	docs/collaboration/tasks/TASK-20260804-C25855.json
INCLUDE_EVIDENCE	8bc0f05da6562cdcd452265122f03536cbbbac8eb5a501a9a48132f010813d5b	formal-task-or-report	reviewed-project-evidence	mixed	docs/collaboration/tasks/TASK-20260804-C30FD0.json
INCLUDE_EVIDENCE	1f0c060ff1eb27961c367c1fdff7c9b800ad2131793dbd155d8f280e033b44c6	formal-task-or-report	reviewed-project-evidence	mixed	docs/collaboration/tasks/TASK-20260804-D8E05D.json
INCLUDE_EVIDENCE	e2883d2a5234f5dce6dcdbb5775ae7b64d94b0d1790269dcbc57e850e16c9cf2	formal-task-or-report	reviewed-project-evidence	mixed	docs/collaboration/tasks/TASK-20260807-4451C2.json
INCLUDE_EVIDENCE	4220d7c14c54f53dace61e979b81d43c7e2a1acfd8d58aa2d870a0300eab5eb3	formal-task-or-report	reviewed-project-evidence	mixed	docs/collaboration/tasks/TASK-20260807-5E78DB.json
INCLUDE_EVIDENCE	b3826f38f292e3f63b6c4cea92332df60cb95f644d258a16e2172dd01ca30f54	formal-task-or-report	reviewed-project-evidence	mixed	docs/collaboration/tasks/TASK-20260807-6CD2FB.json
INCLUDE_EVIDENCE	a9b812c3d9f4c09b9c13ef0df1b533438567a848c217cd479918e1ff6c80990f	formal-task-or-report	reviewed-project-evidence	mixed	docs/collaboration/tasks/TASK-20260807-A55149.json
INCLUDE_EVIDENCE	4bb7009cf74f98b8469b49f6dbddaf58b6a891dff813825098f754a2b9b43e17	formal-task-or-report	reviewed-project-evidence	mixed	docs/collaboration/tasks/TASK-20260807-CA04A8.json
INCLUDE_EVIDENCE	e61a96b06f00aa67d26419e783dd4aa693b07264582d2ebd5b9840b7700eeec7	formal-task-or-report	reviewed-project-evidence	mixed	docs/collaboration/tasks/TASK-20260807-EA00A8.json
INCLUDE_EVIDENCE	60b5b35d315dc3a17ff3d07d821279463ec44e0541169ac10eff27dfdd6f32fa	formal-task-or-report	reviewed-project-evidence	mixed	docs/collaboration/tasks/TASK-20260807-F01A13.json
INCLUDE_EVIDENCE	893d126634f617c82cb18747f1f16aa89311aa440258dc404716675ea8873d2b	formal-task-or-report	reviewed-project-evidence	mixed	docs/collaboration/tasks/TASK-20260807-F79058.json
INCLUDE_EVIDENCE	871ee5741fed4d571c5d4c0099933473dfda33e3607dad30400532166a3aa5d4	formal-task-or-report	reviewed-project-evidence	mixed	docs/collaboration/tasks/TASK-20260808-00A9C9.json
INCLUDE_EVIDENCE	5746aa973f9652b912d02c375ed429bc58ca51f91b784bbbd2eedfa7e22c0282	formal-task-or-report	reviewed-project-evidence	mixed	docs/collaboration/tasks/TASK-20260808-365A70.json
INCLUDE_EVIDENCE	aee09b600941d63d1a629a0cf611825ee73070da98c40fd7380890b9ec66dd3c	formal-task-or-report	reviewed-project-evidence	mixed	docs/collaboration/tasks/TASK-20260808-3F4C36.json
INCLUDE_EVIDENCE	e58756c72fc5351604063068732122c024b271f75331937b7e019cfc12ecfb34	formal-task-or-report	reviewed-project-evidence	mixed	docs/collaboration/tasks/TASK-20260808-4802F7.json
INCLUDE_EVIDENCE	5fa0c80c397b67984df159a87b6f586785c76b4c53d1fdfe2767420d2a4917cb	formal-task-or-report	reviewed-project-evidence	mixed	docs/collaboration/tasks/TASK-20260808-493D17.json
INCLUDE_EVIDENCE	509aff3c1859d319000b7e152d5bcc590fca754b7e62e4a9e32905fdffb53025	formal-task-or-report	reviewed-project-evidence	mixed	docs/collaboration/tasks/TASK-20260808-54BB47.json
INCLUDE_EVIDENCE	62cd53df684c202b21b1742f0372b2bef45334f2bafb01fef19979c44b1dd1b6	formal-task-or-report	reviewed-project-evidence	mixed	docs/collaboration/tasks/TASK-20260808-6838E5.json
INCLUDE_EVIDENCE	d2fd0e2b31fa4926e23c691d7d7aef777ce5c183b5607da4d6519c69cf67ae61	formal-task-or-report	reviewed-project-evidence	mixed	docs/collaboration/tasks/TASK-20260808-7B8F25.json
INCLUDE_EVIDENCE	cea2fc481934a91cb2c99625a1b14265d62b1455e92d3d06c062c6c771139798	formal-task-or-report	reviewed-project-evidence	mixed	docs/collaboration/tasks/TASK-20260808-9EE352.json
INCLUDE_EVIDENCE	1a7b08dfc63b5332f9572b408b613a343560fb94c74dd33086f56a8e84039c38	formal-task-or-report	reviewed-project-evidence	mixed	docs/collaboration/tasks/TASK-20260808-A71FA7.json
INCLUDE_EVIDENCE	7d61932064db51bc30470b65067c18f9272a7b4640324f297730179461300cbd	formal-task-or-report	reviewed-project-evidence	mixed	docs/collaboration/tasks/TASK-20260808-B60726.json
INCLUDE_EVIDENCE	39cceccd6490c9b76331ab5bd60c1ad0d6cbb40c86a064ad3e3a353d24f94136	formal-task-or-report	reviewed-project-evidence	mixed	docs/collaboration/tasks/TASK-20260808-B8A440.json
INCLUDE_EVIDENCE	773e12ca921f0dc53bd78307adb7c44bde2220ff7a60fdefd13023cd548f302b	formal-task-or-report	reviewed-project-evidence	mixed	docs/collaboration/tasks/TASK-20260808-CAD1DB.json
INCLUDE_EVIDENCE	544b8b810081d053043f1a4138fc87227fb160d74247293c17323cccac35ae94	formal-task-or-report	reviewed-project-evidence	mixed	docs/collaboration/tasks/TASK-20260808-D4F614.json
INCLUDE_EVIDENCE	89069c44c32a03633c5f195c52d9496846a3ac2ea315589c4203a991cdbec425	formal-task-or-report	reviewed-project-evidence	mixed	docs/collaboration/tasks/TASK-20260808-DA83AC.json
INCLUDE_EVIDENCE	ac84f23e4a5864e4aebf82407a8acc3cddd85ec7b4b12ea530b264d4b71a3ea4	formal-task-or-report	reviewed-project-evidence	mixed	docs/collaboration/任务交接模板.md
INCLUDE_EVIDENCE	5f2fd1d2f9e120a8652e666c359c20983e7947a2e60502e25085a0d7690dc9e5	formal-task-or-report	reviewed-project-evidence	mixed	docs/collaboration/会话启动清单.md
INCLUDE_EVIDENCE	13694f5651ea90de69b1d14530a3704d049e277361ab1e3dfe72e2e84fb5df60	formal-task-or-report	reviewed-project-evidence	mixed	docs/collaboration/会话启动状态.json
INCLUDE_EVIDENCE	9ee37d5a4bd4f65646c041688d5a33b5dea783482f09d322864ba4c6180d14fc	formal-task-or-report	reviewed-project-evidence	mixed	docs/collaboration/协议版本.json
INCLUDE_EVIDENCE	56fd67b9956886e0d8d6cd2961efd7616caf1c9ca688eaa1a993b37633bc460c	formal-task-or-report	reviewed-project-evidence	mixed	docs/collaboration/当前工作分工与交接-2026-08-07.md
INCLUDE_EVIDENCE	507ad5eeb9758246b20a8c2f0b8d88ec1b570732215487d749b00c98ae4ce442	formal-task-or-report	reviewed-project-evidence	mixed	docs/collaboration/模板/专项结论.md
INCLUDE_EVIDENCE	3fb70781f1616e7d3eaa1de748a0901ef34e98f923394505d942aee452b17bc8	formal-task-or-report	reviewed-project-evidence	mixed	docs/collaboration/模板/审核报告.md
INCLUDE_EVIDENCE	a94eebd7e11346e6e63dc59df745a32f6526cc9eec3a73e1c49f2b23cf020bab	formal-task-or-report	reviewed-project-evidence	mixed	docs/collaboration/模板/工作报告.md
INCLUDE_EVIDENCE	70f3544e54dea912727e008ca93a1ee2ee80866840722217a514b1ae954d271a	formal-task-or-report	reviewed-project-evidence	mixed	docs/collaboration/路由表.md
INCLUDE_EVIDENCE	91959edc182a73e9272438463ca5612ac30e5139ad134fcef39704c71c10b3cf	formal-task-or-report	reviewed-project-evidence	mixed	docs/collaboration/部门/产品部/上岗引导.md
INCLUDE_EVIDENCE	2a4f7acbcd03451944c36dba621ec397a1a8575baebdfb592caea57f466f09bb	formal-task-or-report	reviewed-project-evidence	mixed	docs/collaboration/部门/产品部/交接班文档.md
INCLUDE_EVIDENCE	6de9929c628a34dcb3c339ae46a56fce0a39bf062199965849c3a80f16669996	formal-task-or-report	reviewed-project-evidence	mixed	docs/collaboration/部门/产品部/岗位说明.md
INCLUDE_EVIDENCE	0a25cc1f5b307a1b12b54591ee38476fd3696e08a60d6f36b409b32b9046c377	formal-task-or-report	reviewed-project-evidence	mixed	docs/collaboration/部门/产品部/报告/2026-08-01-F1+1飞书Base影子建表-M3执行包.md
INCLUDE_EVIDENCE	8cd3ed00472ca06bc6cd42151d60049019dfbee5cad24fc4ef10774265749281	formal-task-or-report	reviewed-project-evidence	mixed	docs/collaboration/部门/产品部/报告/2026-08-02-M4-A轴v0.3正式定版报告.md
INCLUDE_EVIDENCE	6820dea4b844bcd0c50cc137e4b57ba7c0483ebb9b8531e5a5b41def15afe246	formal-task-or-report	reviewed-project-evidence	mixed	docs/collaboration/部门/产品部/报告/2026-08-02-M4-A轴第二轮产品合同修订报告.md
INCLUDE_EVIDENCE	38f5ec05b75c365082bd4d77fdd3bbe4371ac14e968a0a8f19608c2582200663	formal-task-or-report	reviewed-project-evidence	mixed	docs/collaboration/部门/产品部/报告/2026-08-02-M4-B层状态同步与C层预检窗口报告.md
INCLUDE_EVIDENCE	d3ff8beb1d7270fc7d165c7606c16f4e1fe53ac21216b729be8722aa0a37a163	formal-task-or-report	reviewed-project-evidence	mixed	docs/collaboration/部门/产品部/报告/2026-08-02-M4-C层预检通过与VS-0窗口报告.md
INCLUDE_EVIDENCE	3ca89d1856e9d4b1b825dffe65e78e806320ec704c729fdbc423e30a91e561a0	formal-task-or-report	reviewed-project-evidence	mixed	docs/collaboration/部门/产品部/报告/2026-08-02-M4-SQLite同UID威胁模型与R5收口决策包.md
INCLUDE_EVIDENCE	8cc6bfc4f69e3cd972781d4360b2da5f760e519beab760dd297d05aef810bdbd	formal-task-or-report	reviewed-project-evidence	mixed	docs/collaboration/部门/产品部/报告/2026-08-02-M4-SQLite方案B适用范围澄清附录.md
INCLUDE_EVIDENCE	20c52621010b7dc6e0347a4848da7919c9ffb546ad2310c85e1596478a5a3429	formal-task-or-report	reviewed-project-evidence	mixed	docs/collaboration/部门/产品部/报告/2026-08-02-M4-VS-1重试与validation-job决策候选.md
INCLUDE_EVIDENCE	775a84140105657d6341141e464307c554ea17cda7d67257075d88d8e38f3ab0	formal-task-or-report	reviewed-project-evidence	mixed	docs/collaboration/部门/产品部/报告/2026-08-02-VS0-M3种子投影产品决策报告.md
INCLUDE_EVIDENCE	249e86f96ab08ac72b73f924a38af3845030d687cbc112b602abce9c2301078d	formal-task-or-report	reviewed-project-evidence	mixed	docs/collaboration/部门/产品部/报告/2026-08-02-VS0-M3种子投影排序与hash纠错报告.md
INCLUDE_EVIDENCE	86a7bd2744c5988808e42ce8458c000aea1b3501f6c23d120fcb4405b7ef287f	formal-task-or-report	reviewed-project-evidence	mixed	docs/collaboration/部门/产品部/报告/2026-08-03-公开数据API接线v0.4-proposed工作包.md
INCLUDE_EVIDENCE	86ec469c1a26dcb6da7e0efbb86656ee25e83f8c71a8ef10df7644ca503ed101	formal-task-or-report	reviewed-project-evidence	mixed	docs/collaboration/部门/产品部/报告/2026-08-03-公开读模型与API接线v0.4-accepted收口报告.md
INCLUDE_EVIDENCE	f395b5e474c6ff8eb70b7b484bd3280aa2ca279191b79937521dd0b842cab669	formal-task-or-report	reviewed-project-evidence	mixed	docs/collaboration/部门/产品部/报告/2026-08-04-M4-SQLite启动核收与公开API在办状态同步报告.md
INCLUDE_EVIDENCE	42e7eb4b528903efd45ad01e43e000a9f1ca231439a5b54cc0566469f80b072f	formal-task-or-report	reviewed-project-evidence	mixed	docs/collaboration/部门/产品部/报告/2026-08-04-M4公开前端PASS与v0.4数据门禁状态同步报告.md
INCLUDE_EVIDENCE	1cec5a33082da47dddf8fe9d3799a0210574c37458071c1871b2c581d3793941	formal-task-or-report	reviewed-project-evidence	mixed	docs/collaboration/部门/产品部/报告/2026-08-07-实现级设计合同v0.2同步报告.md
INCLUDE_EVIDENCE	377a5ebaeefb7c6bed451c69198092d1fd5c98991f1ade086125a0efaea39cde	formal-task-or-report	reviewed-project-evidence	mixed	docs/collaboration/部门/产品部/收件箱.md
INCLUDE_EVIDENCE	9d613772123e7fff2bab58d6636b7e4268d684b9f42e31d3fe49195e15605cd5	formal-task-or-report	reviewed-project-evidence	mixed	docs/collaboration/部门/产品部/日志/2026-W31.md
INCLUDE_EVIDENCE	f5c26e2dbdd9553d121c98aed50af98399307eb70c66ce0d91e7bde27454d554	formal-task-or-report	reviewed-project-evidence	mixed	docs/collaboration/部门/产品部/日志/2026-W32.md
INCLUDE_EVIDENCE	e2b06988877fcacad7d334dc5a02e21e67dded33ec3a6c8f8bd1f967ac92bbc0	formal-task-or-report	reviewed-project-evidence	mixed	docs/collaboration/部门/安全部/上岗引导.md
INCLUDE_EVIDENCE	1cf69371fab4ef4d1b53613efd8ce018c75aa3e912f73a6e12cbaa90cbd58066	formal-task-or-report	reviewed-project-evidence	mixed	docs/collaboration/部门/安全部/交接班文档.md
INCLUDE_EVIDENCE	7968f7a39e5d39666787e5524e8c463b8fe46c006d9e7c700e0576b1f57e8d9e	formal-task-or-report	reviewed-project-evidence	mixed	docs/collaboration/部门/安全部/岗位说明.md
INCLUDE_EVIDENCE	d3a4cc47c7c6d83359786ea2d51abc590ce87bd5f0ded748a1fd4d223bd0e2d3	formal-task-or-report	reviewed-project-evidence	mixed	docs/collaboration/部门/安全部/报告/2026-07-30-F1+1采集内容处理与发布安全基线-审核报告.md
INCLUDE_EVIDENCE	7c0bee4c8f0dcfb0e8e52bb366d5b909a35eae27a91891c8ec13e2cfdf9894bd	formal-task-or-report	reviewed-project-evidence	mixed	docs/collaboration/部门/安全部/报告/2026-08-01-M3-OAuth过宽Scope-安全残余风险报告.md
INCLUDE_EVIDENCE	9ae2eac732923b0fd09fe62bc0d48a3c52c472cafe478a25d39eb4070b83a9af	formal-task-or-report	reviewed-project-evidence	mixed	docs/collaboration/部门/安全部/报告/2026-08-01-M3影子Base最小ACL收紧方案-审核报告.md
INCLUDE_EVIDENCE	998b49dfcbacaaabfb4e4085a63b202bf0233901e55dcd9a65e186b05ea6d7fc	formal-task-or-report	reviewed-project-evidence	mixed	docs/collaboration/部门/安全部/报告/2026-08-01-M3表单官方PATCH最小白名单-审核报告.md
INCLUDE_EVIDENCE	3b227ad3f4741558bd0a5d858878077988ef96a9ac4a642f8a79770d9a6cb04e	formal-task-or-report	reviewed-project-evidence	mixed	docs/collaboration/部门/安全部/报告/2026-08-01-M3飞书Base外部写入安全门禁-审核报告.md
INCLUDE_EVIDENCE	688cab7bdcb1dd2ac8164bd957dfedea00202816f53d8e980279354155a1b808	formal-task-or-report	reviewed-project-evidence	mixed	docs/collaboration/部门/安全部/报告/2026-08-01-M4本地安全门禁与外部IO隔离-审核报告.md
INCLUDE_EVIDENCE	ed4dd1e1f9aed72551610bd97200daef97c0fd23a597e9aefbbf7fde33701481	formal-task-or-report	reviewed-project-evidence	mixed	docs/collaboration/部门/安全部/报告/2026-08-01-OAuth142scopes最小化与无损轮换执行包-审核报告.md
INCLUDE_EVIDENCE	bbf42e52a50a694d2efb30c2df255b39baf9943f2e392cb89545dbf374559f30	formal-task-or-report	reviewed-project-evidence	mixed	docs/collaboration/部门/安全部/报告/2026-08-01-OAuth轮换与logout边界证据纠偏-补充审核报告.md
INCLUDE_EVIDENCE	31615cbf228216fe6372da0be4f18d5e5f2c11d0f059f69372f2a33ec0c39242	formal-task-or-report	reviewed-project-evidence	mixed	docs/collaboration/部门/安全部/报告/2026-08-02-M4-A轴v0.3安全合同定版复验报告.md
INCLUDE_EVIDENCE	fe62ae1b1a6bd4b0d124eebfff02d5239ed6e568f9b1c611f26e4bd04ab0ecc4	formal-task-or-report	reviewed-project-evidence	mixed	docs/collaboration/部门/安全部/报告/2026-08-02-M4-A轴v0.3时态修订后聚焦安全复验报告.md
INCLUDE_EVIDENCE	b00fd5192aef321bf3ff54ebc69731c94ad90fdb38a6a4b54f557cf09b929b56	formal-task-or-report	reviewed-project-evidence	mixed	docs/collaboration/部门/安全部/报告/2026-08-02-M4-A轴安全合同定版复验报告.md
INCLUDE_EVIDENCE	37acea118340f41fb8c9db8fca5e6685e437eaa614b92c461340953ef3ea3a35	formal-task-or-report	reviewed-project-evidence	mixed	docs/collaboration/部门/安全部/报告/2026-08-02-M4-B层依赖锁与安全默认地基复验报告.md
INCLUDE_EVIDENCE	f8476b73e2289c917048a12f5e9145384384dbbc78d065553e2daf449e7410e4	formal-task-or-report	reviewed-project-evidence	mixed	docs/collaboration/部门/安全部/报告/2026-08-02-M4-C层Node24与SQLite能力预检安全复验报告.md
INCLUDE_EVIDENCE	64276e26cd19f60e25d59db6bcfb1c08469d20baa41dd8da57bd5833164bc221	formal-task-or-report	reviewed-project-evidence	mixed	docs/collaboration/部门/安全部/报告/2026-08-02-M4-VS-0-partial实现fail-closed安全预审报告.md
INCLUDE_EVIDENCE	2a05766a8c7e9a1b24926bf7d45fb85d4ef6b6982b161b6598fae95d9459a759	formal-task-or-report	reviewed-project-evidence	mixed	docs/collaboration/部门/安全部/报告/2026-08-02-M4-VS-0修订实现独立安全复验报告.md
INCLUDE_EVIDENCE	433572a47d16b194089876e176872c3ee3657041a9dba963a3951224885a92f7	formal-task-or-report	reviewed-project-evidence	mixed	docs/collaboration/部门/安全部/报告/2026-08-02-M4-VS-0启动参数与CLI脱敏整改快照独立安全复审.md
INCLUDE_EVIDENCE	ee7a788e84e32a022f0eb006891aa6b67fec78a7c4c9854a126c320921a74be0	formal-task-or-report	reviewed-project-evidence	mixed	docs/collaboration/部门/安全部/报告/2026-08-02-M4-VS-0安全地基与59x39-seed独立终审报告.md
INCLUDE_EVIDENCE	e043705915c4c2489cdf3cb178677b4d5dc753781c98e8c10e7886d2a5462218	formal-task-or-report	reviewed-project-evidence	mixed	docs/collaboration/部门/安全部/报告/2026-08-02-M4-VS-1本地管理API会话与CSRF安全合同候选.md
INCLUDE_EVIDENCE	65353ef8ededd76eb4888dd1b9715fff6eeda292114f23591b4d8ae0a08a375d	formal-task-or-report	reviewed-project-evidence	mixed	docs/collaboration/部门/安全部/报告/2026-08-02-M4前沿候选许可平台条款与供应链增量准入复核.md
INCLUDE_EVIDENCE	3c29c62abd109b9b1e90d5d7e340608c969cdb49b16107c3a51a2b04f0b7ab3a	formal-task-or-report	reviewed-project-evidence	mixed	docs/collaboration/部门/安全部/报告/2026-08-02-M4增量雷达六候选许可供应链补充审核报告.md
INCLUDE_EVIDENCE	6d9fecd95ca6c27fc25a92bc7dbe03db7045a784a977fe674c53893845589e98	formal-task-or-report	reviewed-project-evidence	mixed	docs/collaboration/部门/安全部/报告/2026-08-02-旧机Obsidian-Local-REST凭证处置安全复核.md
INCLUDE_EVIDENCE	821116d0ab9467c46d65c90ad913bd2c478d33caecb5f39f5fc795b3a7d293bb	formal-task-or-report	reviewed-project-evidence	mixed	docs/collaboration/部门/安全部/报告/2026-08-02-聚合采集工具许可平台条款与安全风险研究.md
INCLUDE_EVIDENCE	17e56aafbd8fb20aef042891103e86ae7d3ccd1eb92ca6a48b29635a50d2c667	formal-task-or-report	reviewed-project-evidence	mixed	docs/collaboration/部门/安全部/报告/2026-08-03-v0.4公开数据机器合同独立安全审查.md
INCLUDE_EVIDENCE	cb5f96ebc91d9d4d78a9a5f2df48b98062d3e5931a241ce85602af86c7b8681a	formal-task-or-report	reviewed-project-evidence	mixed	docs/collaboration/部门/安全部/报告/2026-08-04-M4-VS-0-Next启动边界并发污染-NOT-RUN安全复验.md
INCLUDE_EVIDENCE	f189bfd98e3c899b75098be9ad19fb0d434623f1b67fdacc8d3874cf174f99dd	formal-task-or-report	reviewed-project-evidence	mixed	docs/collaboration/部门/安全部/报告/2026-08-04-SQLite信任根与Next启动稳定闭包安全复验.md
INCLUDE_EVIDENCE	cb6550a35d1b1bc85037fd98990ef21f6c5fb67ddf7c181b2224133b8c338d98	formal-task-or-report	reviewed-project-evidence	mixed	docs/collaboration/部门/安全部/报告/2026-08-04-projection-first公开API正式窗口安全复审.md
INCLUDE_EVIDENCE	71f1db8ea324bfd0aa2447d7a0141d39528e084419b4a0cdbd6afb5836051749	formal-task-or-report	reviewed-project-evidence	mixed	docs/collaboration/部门/安全部/报告/2026-08-04-v0.4公开数据机器合同五项P1整改-安全聚焦复验.md
INCLUDE_EVIDENCE	6a58809666e0e3953a3860f7a1ea49724f7257f50e262ad1a13568add2be4a99	formal-task-or-report	reviewed-project-evidence	mixed	docs/collaboration/部门/安全部/报告/2026-08-04-真实CLI数据库覆盖与Next安全出口聚焦复验.md
INCLUDE_EVIDENCE	daef00f74dba0997b5d3deb0fa7bad99dd0bc8fcb761f9a2d21b1ebc49ced655	formal-task-or-report	reviewed-project-evidence	mixed	docs/collaboration/部门/安全部/报告/2026-08-07-v0.2前端M4门禁独立安全复验报告.md
INCLUDE_EVIDENCE	4168b919e5701c133d5145c666516b0a220b0d242c1f00c81f264b576445189a	formal-task-or-report	reviewed-project-evidence	mixed	docs/collaboration/部门/安全部/收件箱.md
INCLUDE_EVIDENCE	1c8ba814522208e2fd9a0b53201ab84b4e645337c71252945a90ca9c06d306f5	formal-task-or-report	reviewed-project-evidence	mixed	docs/collaboration/部门/安全部/日志/2026-W31.md
INCLUDE_EVIDENCE	2e7e8cf0041dae34c72e11ffc1e046478bffa345a1e004cdf82ceac1cdc42803	formal-task-or-report	reviewed-project-evidence	mixed	docs/collaboration/部门/开发部/上岗引导.md
INCLUDE_EVIDENCE	699a3b1140538cf0c90b0510f378fb3ba62c153b5ef9e5163332aace40218010	formal-task-or-report	reviewed-project-evidence	mixed	docs/collaboration/部门/开发部/交接班文档.md
INCLUDE_EVIDENCE	2f8cc47c7de6c3ecf6a43913fca3c5d5b35ac2dc44b653f411654d6311562538	formal-task-or-report	reviewed-project-evidence	mixed	docs/collaboration/部门/开发部/岗位说明.md
INCLUDE_EVIDENCE	33eb68d1ca93961039f28ce1e37941d1935dda429c0cf0dc2d3c0c651b7dcf96	formal-task-or-report	reviewed-project-evidence	mixed	docs/collaboration/部门/开发部/报告/2026-08-01-M4工程开工预检报告.md
INCLUDE_EVIDENCE	ce990c7d8c14d30f90f59df3ad704c9378a4e883fcfa8b2f4963cf4d0c57fd21	formal-task-or-report	reviewed-project-evidence	mixed	docs/collaboration/部门/开发部/报告/2026-08-01-M4工程路线运行时可行性审核报告.md
INCLUDE_EVIDENCE	0afb7dce33159c9c048ed173cacba17fbbc4d2903e71b9c1ac9793aafe15a9f8	formal-task-or-report	reviewed-project-evidence	mixed	docs/collaboration/部门/开发部/报告/2026-08-02-AIHot-v1.2.3固定快照与合同拆解报告.md
INCLUDE_EVIDENCE	8dbd86c2ae98127669dad4a1cb3c8898f66328495e70242d0185ad9ffa29591a	formal-task-or-report	reviewed-project-evidence	mixed	docs/collaboration/部门/开发部/报告/2026-08-02-AIHot-v1.2.3纠错附录.md
INCLUDE_EVIDENCE	611ec8fd47815ba03dd2bd7cade1a4e900e9f805fbdc815a765dcaaf4108269a	formal-task-or-report	reviewed-project-evidence	mixed	docs/collaboration/部门/开发部/报告/2026-08-02-M4-B层lockfile恢复与门禁闭合报告.md
INCLUDE_EVIDENCE	e509c22f1cd282876279162d2cf455347ccec5a4c6ab0bedddd220781e8f63a6	formal-task-or-report	reviewed-project-evidence	mixed	docs/collaboration/部门/开发部/报告/2026-08-02-M4-B层本地Web工程初始化报告.md
INCLUDE_EVIDENCE	270fd687079ae761d26e16ff4db778e459194f54cf65f3f3ca61262885239e44	formal-task-or-report	reviewed-project-evidence	mixed	docs/collaboration/部门/开发部/报告/2026-08-02-M4-C层Node24与SQLite能力预检报告.md
INCLUDE_EVIDENCE	8ea1c90cc7e300d9d84118427d68e22730faac609395c1261669e1ab27be45d4	formal-task-or-report	reviewed-project-evidence	mixed	docs/collaboration/部门/开发部/报告/2026-08-02-M4-VS-0启动参数与CLI错误泄漏整改报告.md
INCLUDE_EVIDENCE	0e5c0022bc8406415dd2a339a698f7fd24e6ab9af74ea2d2588429e994afecc4	formal-task-or-report	reviewed-project-evidence	mixed	docs/collaboration/部门/开发部/报告/2026-08-02-M4-VS-0安全地基与fixture-provider实现报告.md
INCLUDE_EVIDENCE	ffa22c64f87019dbeaf5b94283ec467edbed5edcb57d7159b4f12da58f398ed9	formal-task-or-report	reviewed-project-evidence	mixed	docs/collaboration/部门/开发部/报告/2026-08-02-M4-VS-1公开信息流与内容详情前端实现报告.md
INCLUDE_EVIDENCE	71265fe2bca4931c31fecfcdbd8e77f4fc12ae34151ee49ea8e1e3c9bcb0135e	formal-task-or-report	reviewed-project-evidence	mixed	docs/collaboration/部门/开发部/报告/2026-08-02-aihot与同类开源架构深度拆解.md
INCLUDE_EVIDENCE	e72da356138233bb509d5d2d44b288313c1a75a0a3de3d6c4298b6226958cdcb	formal-task-or-report	reviewed-project-evidence	mixed	docs/collaboration/部门/开发部/报告/2026-08-03-M4-VS-1公开前端P1整改实现报告.md
INCLUDE_EVIDENCE	b4f0b18afb7a66984489e840fc70a0cb80f80173956d7344b2b8d9de97ec3bac	formal-task-or-report	reviewed-project-evidence	mixed	docs/collaboration/部门/开发部/报告/2026-08-04-390px移动筛选弹窗局部滚动P1整改报告.md
INCLUDE_EVIDENCE	71d140659af9eaea38d9596508408d0c19b14c1e746b42a84a7d5ed98bc8b9f0	formal-task-or-report	reviewed-project-evidence	mixed	docs/collaboration/部门/开发部/报告/2026-08-04-M4-VS-0-Next启动错误输出边界整改报告.md
INCLUDE_EVIDENCE	7948563a927165758867d103a3409837fb95162fe2812e66c35608adb06d5a81	formal-task-or-report	reviewed-project-evidence	mixed	docs/collaboration/部门/开发部/报告/2026-08-04-NODE_ENV-test数据库覆盖P1整改报告.md
INCLUDE_EVIDENCE	7d54482fe90ef56ee9a3009ed56f74150f0c67fd0ff3b440c900fdfcd822db5b	formal-task-or-report	reviewed-project-evidence	mixed	docs/collaboration/部门/开发部/报告/2026-08-04-projection-first公开Repository与feed-detail-API实现报告.md
INCLUDE_EVIDENCE	59fc41369cb7605607be82d1be5cff3e15dbe995f35fa94621317bed3328b32c	formal-task-or-report	reviewed-project-evidence	mixed	docs/collaboration/部门/开发部/报告/2026-08-04-v0.4双profile-SQLite迁移与原子seed实现报告.md
INCLUDE_EVIDENCE	cc023c538ad9d225bf04118aee21f008f59e0bd7a35d9a114464af8bcccd398a	formal-task-or-report	reviewed-project-evidence	mixed	docs/collaboration/部门/开发部/报告/2026-08-04-公开API-no-store最终响应层整改阻断报告.md
INCLUDE_EVIDENCE	1c1d731b7bddc32c239c23fd947532e2a0a21d16534f0030dee56e3a63b2b3c6	formal-task-or-report	reviewed-project-evidence	mixed	docs/collaboration/部门/开发部/报告/2026-08-04-公开前端API单一数据源接线实现报告.md
INCLUDE_EVIDENCE	27fea8b96ef7584fdb1844d994bd6b5393151703a46a7ca7f2c5cf145dae6cc8	formal-task-or-report	reviewed-project-evidence	mixed	docs/collaboration/部门/开发部/报告/2026-08-04-安全启动收据与public-synthetic-HTTP闭环阻断报告.md
INCLUDE_EVIDENCE	b3a491518a3bb7f589e5a5e4b7e05191f3ec4f46867ebd2f71e372f12671eb70	formal-task-or-report	reviewed-project-evidence	mixed	docs/collaboration/部门/开发部/报告/2026-08-04-真实Next公开读完整性握手P1诊断阻断报告.md
INCLUDE_EVIDENCE	7d5c2ca1d6d0af48cf3641529f3d0a585a93e2831be44928fbfb1f2fad608889	formal-task-or-report	reviewed-project-evidence	mixed	docs/collaboration/部门/开发部/报告/2026-08-07-v0.2时间线落地公开信息流实现报告.md
INCLUDE_EVIDENCE	f553c417f81be7fb17bf15c8f224510d137e7b04dc194aadf00b32d1bc5a056d	formal-task-or-report	reviewed-project-evidence	mixed	docs/collaboration/部门/开发部/报告/2026-08-07-部署前准备收口报告.md
INCLUDE_EVIDENCE	4e199dc9cae4179093017212fd9f51d7c2f9f234317615ac9cb79320bdff7227	formal-task-or-report	reviewed-project-evidence	mixed	docs/collaboration/部门/开发部/报告/2026-08-08-TASK-20260808-9EE352-Git基线白名单.md
INCLUDE_EVIDENCE	ec2aa19df65b483cb172af7ca2cb363a58fdd85d12afe916aee90a0d504f9b46	formal-task-or-report	reviewed-project-evidence	mixed	docs/collaboration/部门/开发部/报告/2026-08-08-前端验收后改动溯源与安全Git基线报告.md
INCLUDE_EVIDENCE	d96c52318f15cda95371a34bbc7f408432a5c81eb1ecf659a96a53af3ced18fb	formal-task-or-report	reviewed-project-evidence	mixed	docs/collaboration/部门/开发部/收件箱.md
INCLUDE_EVIDENCE	4409f199f153a556c51d22ad4cb8d1798d1108f96e1fcbe045c5d3963e906438	formal-task-or-report	reviewed-project-evidence	mixed	docs/collaboration/部门/数据部/上岗引导.md
INCLUDE_EVIDENCE	6ae3089588af6179733ae36cfd87f5aae4568123bdb4c7a2986e464b1aa707d9	formal-task-or-report	reviewed-project-evidence	mixed	docs/collaboration/部门/数据部/交接班文档.md
INCLUDE_EVIDENCE	8a3b8e3c466e2ee337a4229b1e1518871f466475e13129d9fad8795cddcb7b14	formal-task-or-report	reviewed-project-evidence	mixed	docs/collaboration/部门/数据部/岗位说明.md
INCLUDE_EVIDENCE	43073f1fd8025642dd739879dc86bb2ccc45570cf48cff64cfc71189490cdd8a	formal-task-or-report	reviewed-project-evidence	mixed	docs/collaboration/部门/数据部/报告/2026-08-01-M3飞书Base影子导入离线载荷报告.md
INCLUDE_EVIDENCE	63798311b71449f67b187ed5593017d99d1ec590e2c8cf1ff21ffdf7007508b2	formal-task-or-report	reviewed-project-evidence	mixed	docs/collaboration/部门/数据部/报告/2026-08-01-本地MVP数据合同与安全样例.md
INCLUDE_EVIDENCE	66f8b0bf3e16216febf691c8bce664a463cc9edab64cf3abd7f994265d9d6137	formal-task-or-report	reviewed-project-evidence	mixed	docs/collaboration/部门/数据部/报告/2026-08-02-M4-C层SQLite与Repository实现交接蓝图.md
INCLUDE_EVIDENCE	8a00ea675db3ad4ad7cbaf2d128ff6a0761c863f36f974411f6fc3b332a7d402	formal-task-or-report	reviewed-project-evidence	mixed	docs/collaboration/部门/数据部/报告/2026-08-02-M4-VS-0-seed-enrichment解阻报告.md
INCLUDE_EVIDENCE	35b53248f69b4beee6c4f04189bdfae196eb3cb907433acfacc3d9cac5f281de	formal-task-or-report	reviewed-project-evidence	mixed	docs/collaboration/部门/数据部/报告/2026-08-02-M4-VS-1-Event去重与最近采集映射候选.md
INCLUDE_EVIDENCE	1c76cf6f115d9dc4f14ad72e1fd73b2ab10dbcbf5d7fb14c69ea81c82bf8fac8	formal-task-or-report	reviewed-project-evidence	mixed	docs/collaboration/部门/数据部/报告/2026-08-02-M4-VS-1-SQLite迁移与fixture映射蓝图.md
INCLUDE_EVIDENCE	1b9b0bfcb96bb29a8c1d3287bc238ae453e152c6a9d23b268d1d855338e1261c	formal-task-or-report	reviewed-project-evidence	mixed	docs/collaboration/部门/数据部/报告/2026-08-02-本地MVP数据合同v0.2升级与P0闭合.md
INCLUDE_EVIDENCE	88aa56515ac24f8584a1b7fbc8f2934382ad09be8e5ddbb672955c2f48f6f37c	formal-task-or-report	reviewed-project-evidence	mixed	docs/collaboration/部门/数据部/报告/2026-08-02-本地MVP数据合同v0.3-A轴阻断闭合.md
INCLUDE_EVIDENCE	b04a1ea0d0c826fb0370b0940b5d59b3b54d22d1fe42b5129bab282d1ca35e3f	formal-task-or-report	reviewed-project-evidence	mixed	docs/collaboration/部门/数据部/报告/2026-08-03-公开演示资讯v0.4领域映射与隔离profile报告.md
INCLUDE_EVIDENCE	50050d2d86f2d482ea5ff7442a9a1723d82b4e2d38840198313c08f8b80fbff2	formal-task-or-report	reviewed-project-evidence	mixed	docs/collaboration/部门/数据部/报告/2026-08-04-public-synthetic运行完整性失败责任边界诊断.md
INCLUDE_EVIDENCE	8637cd2a8120d713e77861dd08da6725f1f5ed33c6ebbfb8470270dd520ea656	formal-task-or-report	reviewed-project-evidence	mixed	docs/collaboration/部门/数据部/报告/2026-08-04-v0.4公开数据机器合同五项P1整改报告.md
INCLUDE_EVIDENCE	154941baa9951aca4dd94ec856fe39e2d8d70a534c8c92fc56aed9db40415fd9	formal-task-or-report	reviewed-project-evidence	mixed	docs/collaboration/部门/数据部/报告/2026-08-08-首条真实采集纵切数据输入与门禁包.md
INCLUDE_EVIDENCE	fcfbd6f7996499a26837b813ee6a6042ab087c6d0b606c8888921c2bc1deb18b	formal-task-or-report	reviewed-project-evidence	mixed	docs/collaboration/部门/数据部/收件箱.md
INCLUDE_EVIDENCE	1ad24265718e03f3f2d980221f09f878e35ddaef8874ea651dc201131dfd1712	formal-task-or-report	reviewed-project-evidence	mixed	docs/collaboration/部门/数据部/日志/2026-W31.md
INCLUDE_EVIDENCE	ca61fad3edd1b234a3c3c5b263fed93a8fa216169331de7b18c6780b9b95d5a0	formal-task-or-report	reviewed-project-evidence	mixed	docs/collaboration/部门/数据部/日志/2026-W32.md
INCLUDE_EVIDENCE	9bb43d28c5f5b90896d550ca392b44b6f1c2719942ca705c6c7ecb22c2d01562	formal-task-or-report	reviewed-project-evidence	mixed	docs/collaboration/部门/测试部/上岗引导.md
INCLUDE_EVIDENCE	68e673cbeffccffd1389f9e6c0a303e86b4933363eb08e11f201a1dd769e1752	formal-task-or-report	reviewed-project-evidence	mixed	docs/collaboration/部门/测试部/交接班文档.md
INCLUDE_EVIDENCE	335c2d7da6c98d393352c9343cc67c93574a237cc0065ef9cc40fbfd1d0e1e77	formal-task-or-report	reviewed-project-evidence	mixed	docs/collaboration/部门/测试部/岗位说明.md
INCLUDE_EVIDENCE	97bed49911bb285bce55d891a2d4fbb4a01346d1a9206cedbc64ea5dfb9be0df	formal-task-or-report	reviewed-project-evidence	mixed	docs/collaboration/部门/测试部/报告/2026-07-30-MVP与系统架构决策包-审核报告.md
INCLUDE_EVIDENCE	c594494b46feddf018dd9217d37a08b61a182ca99111a9a2f9b14ebd8696f633	formal-task-or-report	reviewed-project-evidence	mixed	docs/collaboration/部门/测试部/报告/2026-07-30-协作地基与任务拆分-审核报告.md
INCLUDE_EVIDENCE	1e843fe17fc242a99d4697c48337b505e5c1e3ead65f5f1a912c1c37a5fbb739	formal-task-or-report	reviewed-project-evidence	mixed	docs/collaboration/部门/测试部/报告/2026-07-31-信源分类与维护决策包-审核报告.md
INCLUDE_EVIDENCE	a501af15e3db142fa6ef3410bec0a2754ef5aa1bd8399a858e37134a9fdb5112	formal-task-or-report	reviewed-project-evidence	mixed	docs/collaboration/部门/测试部/报告/2026-07-31-即时采集门禁文档合同-复验报告.md
INCLUDE_EVIDENCE	debecf55d6123b7e5e2b7cfe729bdbe59cfd2798c07fe5c5653b2350ae6e42b8	formal-task-or-report	reviewed-project-evidence	mixed	docs/collaboration/部门/测试部/报告/2026-08-01-A到D-accepted路线合同-复验报告.md
INCLUDE_EVIDENCE	34e1795ac710d9594c5ed6305e98a1a872197a46a24a485de214a0dd8cf28d19	formal-task-or-report	reviewed-project-evidence	mixed	docs/collaboration/部门/测试部/报告/2026-08-01-M3影子Base-ACL收紧与写后不变量-独立复验报告.md
INCLUDE_EVIDENCE	dafdacdb38c205504698228f7e836446a199d70be5f598fa9c656d949dc386ed	formal-task-or-report	reviewed-project-evidence	mixed	docs/collaboration/部门/测试部/报告/2026-08-01-M3飞书Base影子资源与59条导入-独立验收报告.md
INCLUDE_EVIDENCE	ce0f84517338bf573ffbdaafc350d385e5d577a0eb9abdbeca51de981887bffa	formal-task-or-report	reviewed-project-evidence	mixed	docs/collaboration/部门/测试部/报告/2026-08-01-M4本地Kickoff与首批纵向切片验收矩阵.md
INCLUDE_EVIDENCE	640bab94a410c283ce7270b4831a25636e516b377dd384ccc0028def37ca1a16	formal-task-or-report	reviewed-project-evidence	mixed	docs/collaboration/部门/测试部/报告/2026-08-01-Spec-v1与M4-ADR跨合同可验收性复核报告.md
INCLUDE_EVIDENCE	884e6aed3de292ca71542a2c487b5052d23291e19433456f1c47f0ea1fc02405	formal-task-or-report	reviewed-project-evidence	mixed	docs/collaboration/部门/测试部/报告/2026-08-02-M4-A轴v0.3时态修订后聚焦测试复验报告.md
INCLUDE_EVIDENCE	38012fa7a94b23b1bdac3b130be6f893145f0c9257985741a1206a94cca8fd5b	formal-task-or-report	reviewed-project-evidence	mixed	docs/collaboration/部门/测试部/报告/2026-08-02-M4-A轴v0.3跨合同定版复验报告.md
INCLUDE_EVIDENCE	1ff3de1b72a23bcc64b6a424fa49da5797cf3cb824ad90a739aefa37bf6a81f9	formal-task-or-report	reviewed-project-evidence	mixed	docs/collaboration/部门/测试部/报告/2026-08-02-M4-A轴跨合同定版复验报告.md
INCLUDE_EVIDENCE	c7770b9dbdc1e3c845a56c03d1a38e20fde35434db67dce75dc4fde771908d4d	formal-task-or-report	reviewed-project-evidence	mixed	docs/collaboration/部门/测试部/报告/2026-08-02-M4-B层工程结构与可复现锁基线复验报告.md
INCLUDE_EVIDENCE	974785e5aba5a4d42c0ca116022d857f769c3e96633b9e82c3467b514a70c44b	formal-task-or-report	reviewed-project-evidence	mixed	docs/collaboration/部门/测试部/报告/2026-08-02-M4-B层时态修订后聚焦测试报告.md
INCLUDE_EVIDENCE	9352bb701c2897f49485e41229d8976169d6c6e0d8fa529c8bbd8863dff2846b	formal-task-or-report	reviewed-project-evidence	mixed	docs/collaboration/部门/测试部/报告/2026-08-02-M4-C层Node24与SQLite能力预检测试复验报告.md
INCLUDE_EVIDENCE	2f20ab83bf71d717cc644125fdd0bfa094bb846c609fcee6d96accc6c80d16ca	formal-task-or-report	reviewed-project-evidence	mixed	docs/collaboration/部门/测试部/报告/2026-08-02-M4-VS-0启动参数与CLI错误泄漏整改-独立回归报告.md
INCLUDE_EVIDENCE	137dfc14ebdc7ba60f031c7b0cf53558c4ab47272e722426b167f88c0af1fc6b	formal-task-or-report	reviewed-project-evidence	mixed	docs/collaboration/部门/测试部/报告/2026-08-02-M4-VS-0迁移seed独立终验报告.md
INCLUDE_EVIDENCE	f71ff3114222b1e21b34ffc84e29477dbff89fd434a3b26bfd87827549d1ade2	formal-task-or-report	reviewed-project-evidence	mixed	docs/collaboration/部门/测试部/报告/2026-08-02-M4-VS-0预审测试报告.md
INCLUDE_EVIDENCE	16f0e01ec5ac2f4932abd327f9586f712c3d5888e0250caa37682a38ac5bf704	formal-task-or-report	reviewed-project-evidence	mixed	docs/collaboration/部门/测试部/报告/2026-08-02-M4-VS-1-mock采集链路测试计划.md
INCLUDE_EVIDENCE	5b001f2ecb49316282aa5715406429978f23ab9d163ec945e593118a6f25cdf8	formal-task-or-report	reviewed-project-evidence	mixed	docs/collaboration/部门/测试部/报告/2026-08-02-前沿调研增量包后继终验报告.md
INCLUDE_EVIDENCE	47556776ab60a29ac595559da11e8890d582e91290437fe93e790317e3409ae8	formal-task-or-report	reviewed-project-evidence	mixed	docs/collaboration/部门/测试部/报告/2026-08-02-前沿调研增量包独立交叉复核报告.md
INCLUDE_EVIDENCE	c41acb4447666613ef6adc83394951e30ecf7acabdf2fef2411439f613a1c1eb	formal-task-or-report	reviewed-project-evidence	mixed	docs/collaboration/部门/测试部/报告/2026-08-02-新Mac迁移完整复验与清理后回归报告.md
INCLUDE_EVIDENCE	2df465540913b306e47e0a15e9ebd5ed144b7f27520de29a10f942ea2d371add	formal-task-or-report	reviewed-project-evidence	mixed	docs/collaboration/部门/测试部/报告/2026-08-03-M4-VS-1公开前端P1整改独立回归报告.md
INCLUDE_EVIDENCE	b0aa6cf39f9a1102001cb3523b3a756d8a4729330fab1c84d59fc5912eaad579	formal-task-or-report	reviewed-project-evidence	mixed	docs/collaboration/部门/测试部/报告/2026-08-03-v0.4公开数据机器合同与12条发布图-独立测试报告.md
INCLUDE_EVIDENCE	c624eee17ad8f53e61e492f8bbf22ee2cfe3ca3db28e6dd9d7afbf3cc855c911	formal-task-or-report	reviewed-project-evidence	mixed	docs/collaboration/部门/测试部/报告/2026-08-04-697D1B公开前端API单一数据源独立功能验收报告.md
INCLUDE_EVIDENCE	ae20f36037edfc026388449c4d5c5058ec6043cbfd2fd5c447a8a0d3f4545ef2	formal-task-or-report	reviewed-project-evidence	mixed	docs/collaboration/部门/测试部/报告/2026-08-04-C30FD0公开feed-detail-API正式窗口聚焦测试报告.md
INCLUDE_EVIDENCE	b7f3c75598615f47276ddeddf192bc3fe2e58ca8cf8866a0c1f7708a634895d4	formal-task-or-report	reviewed-project-evidence	mixed	docs/collaboration/部门/测试部/报告/2026-08-04-Next启动受控输出候选闭包污染-NOT-RUN报告.md
INCLUDE_EVIDENCE	b50f858194853c8907e2a1d2e93926a65d01918b4314c31977ff32b13a8787f1	formal-task-or-report	reviewed-project-evidence	mixed	docs/collaboration/部门/测试部/报告/2026-08-04-v0.4公开数据机器合同五项P1整改-聚焦测试复验报告.md
INCLUDE_EVIDENCE	3c157370a3b99ddecc56a0d06299fb964b4258184c341bb922463c06746a9689	formal-task-or-report	reviewed-project-evidence	mixed	docs/collaboration/部门/测试部/报告/2026-08-04-双profile-SQLite与稳定启动闭包-独立测试报告.md
INCLUDE_EVIDENCE	508b74bd54642f6979555e41feed946bf57417ceceee1eb13d2d3e2d3a4bc188	formal-task-or-report	reviewed-project-evidence	mixed	docs/collaboration/部门/测试部/报告/2026-08-07-v0.2时间线前端独立验收报告.md
INCLUDE_EVIDENCE	22d7d097bbeb6c31bf64945a2b7a79af79bc76e4e7893775ca8eec56defbfd23	formal-task-or-report	reviewed-project-evidence	mixed	docs/collaboration/部门/测试部/收件箱.md
INCLUDE_EVIDENCE	2cb0dbd035b9b151a295217af3b72701bae6e6fbf7300f809e86049929cbea68	formal-task-or-report	reviewed-project-evidence	mixed	docs/collaboration/部门/研究部/上岗引导.md
INCLUDE_EVIDENCE	425393b8d36de1965974d053c7278607bcf18e032db3a45c8f884bf626242c4e	formal-task-or-report	reviewed-project-evidence	mixed	docs/collaboration/部门/研究部/交接班文档.md
INCLUDE_EVIDENCE	824c1320833c78253d1b5859ab126b773ccc7ce5c7c452a0dfab64f0bf847427	formal-task-or-report	reviewed-project-evidence	mixed	docs/collaboration/部门/研究部/岗位说明.md
INCLUDE_EVIDENCE	27929322456d73fc90990c2c27d5303e9de5407d3971b041ef0fca7585122185	formal-task-or-report	reviewed-project-evidence	mixed	docs/collaboration/部门/研究部/报告/2026-07-30-AI-Hot-公开产品与技术行为调研.md
INCLUDE_EVIDENCE	afe047e3b420ce6ef2484d67c895dce7ceec8d3312d0da624a94f39de7435762	formal-task-or-report	reviewed-project-evidence	mixed	docs/collaboration/部门/研究部/报告/2026-07-31-飞书多维表格与本地信源库维护方案比较.md
INCLUDE_EVIDENCE	853d58aa88401274b564e7887f29de567da912e997b4b2b415282806c3ef277c	formal-task-or-report	reviewed-project-evidence	mixed	docs/collaboration/部门/研究部/报告/2026-08-01-飞书OAuth最小Scope与撤权轮换官方语义核验.md
INCLUDE_EVIDENCE	0bfcbabb7e16dcf5c3a2b6952aa524050074748555d77581061ee90236c9a2c9	formal-task-or-report	reviewed-project-evidence	mixed	docs/collaboration/部门/研究部/报告/2026-08-02-F1+1前沿方案综合评估与采用路线.md
INCLUDE_EVIDENCE	23c44b585afdb46643091fdd180176e25a01ee53ae7b8097ac6d7a8693d1f913	formal-task-or-report	reviewed-project-evidence	mixed	docs/collaboration/部门/研究部/报告/2026-08-02-F1聚合竞品与前沿工具雷达增量刷新.md
INCLUDE_EVIDENCE	07ba080929e119dc74770886712b2f4d76de439980a145b0a7261f6c5861c8a5	formal-task-or-report	reviewed-project-evidence	mixed	docs/collaboration/部门/研究部/报告/2026-08-02-F1资讯聚合竞品与生态全景调研.md
INCLUDE_EVIDENCE	ed69f4d3dda983ea35edb1bab43d08700a6d9d67642f30d706de56f0421b004f	formal-task-or-report	reviewed-project-evidence	mixed	docs/collaboration/部门/研究部/报告/2026-08-08-首批采集路径官方证据刷新.md
INCLUDE_EVIDENCE	2cf301507092170184b1713e0ef5d6a8b97f44260d0c932b3912ec93c299143c	formal-task-or-report	reviewed-project-evidence	mixed	docs/collaboration/部门/研究部/收件箱.md
INCLUDE_EVIDENCE	51a022d7b178233abf02bbc69e3aa4f3db02d568a5f490d195d455c95989aef5	formal-task-or-report	reviewed-project-evidence	mixed	docs/collaboration/部门/研究部/日志/2026-W31.md
INCLUDE_EVIDENCE	4f9ecb070dfc0ea5072d207f5c1fbb2af2ab0305fd5d5d902866e44ba7e4ec29	formal-task-or-report	reviewed-project-evidence	mixed	docs/collaboration/部门/统筹部/上岗引导.md
INCLUDE_EVIDENCE	2c3a136a4971d0e7bfe9cd8efe71638612802102e2ed04f6a2fa60d72b9c0b0c	formal-task-or-report	reviewed-project-evidence	mixed	docs/collaboration/部门/统筹部/交接班文档.md
INCLUDE_EVIDENCE	8e15542046b012781dbcb99609c7f7c54f8500241de1a50e03cdfefd0cd5f589	formal-task-or-report	reviewed-project-evidence	mixed	docs/collaboration/部门/统筹部/岗位说明.md
INCLUDE_EVIDENCE	d36acb37406dd18f8ee0f1bb628f2378b6c23ecd7d9159136ef8017ac38d53e1	formal-task-or-report	reviewed-project-evidence	mixed	docs/collaboration/部门/统筹部/报告/2026-08-01-M3飞书Base影子建库与59条导入-执行收据.md
INCLUDE_EVIDENCE	e0534fed09bc46aebe008932efeed1868671aefcb49a27a7930e815e6c3312d6	formal-task-or-report	reviewed-project-evidence	mixed	docs/collaboration/部门/统筹部/报告/2026-08-01-飞书CLI鉴权状态-脱敏收据.md
INCLUDE_EVIDENCE	c773bcf5344b4fd04b71982e784415ccb1f57378129d77bd04f97a6895d1f316	formal-task-or-report	reviewed-project-evidence	mixed	docs/collaboration/部门/统筹部/报告/2026-08-02-M4-VS-1公开前端本地浏览器验收收据.md
INCLUDE_EVIDENCE	d2645f088acac299c3489695f3ebbc66f0c65a66d133f77d140152f1b81ef3db	formal-task-or-report	reviewed-project-evidence	mixed	docs/collaboration/部门/统筹部/报告/2026-08-02-新Mac迁移清理与施工恢复收口报告.md
INCLUDE_EVIDENCE	9887c7bf592e741362abbde168d71da363c5fd5a5dd37dadbf16f1159ce41fe4	formal-task-or-report	reviewed-project-evidence	mixed	docs/collaboration/部门/统筹部/报告/2026-08-08-协作真值校正与交接入口恢复报告.md
INCLUDE_EVIDENCE	f8dbec992443ef3b97e67da4c90bf3ad2a2283a8bf4f9a9962ce1c63216b8556	formal-task-or-report	reviewed-project-evidence	mixed	docs/collaboration/部门/统筹部/收件箱.md
INCLUDE_EVIDENCE	2a4d2318e27b4d2be7b1b2790e05ef8fb2aee46d29678219cb722142f0fdcf87	formal-task-or-report	reviewed-project-evidence	mixed	docs/collaboration/部门/统筹部/日志/2026-W31.md
INCLUDE_EVIDENCE	ed9388fbb01517fea6b07e2f6c5d9861bcab43f1ca401b3d4f8090d15f75e389	formal-task-or-report	reviewed-project-evidence	mixed	docs/collaboration/部门/统筹部/日志/2026-W32.md
INCLUDE_EVIDENCE	b3f516d319fd88489b049fad484a36a4111f01a2c04c255ec1647455e306e3a7	formal-task-or-report	reviewed-project-evidence	mixed	docs/collaboration/部门/设计部/上岗引导.md
INCLUDE_EVIDENCE	6bd9edf4ba090f82e3e2db00b238b6fc11039e2c57908c837030e0ab79140720	formal-task-or-report	reviewed-project-evidence	mixed	docs/collaboration/部门/设计部/交接班文档.md
INCLUDE_EVIDENCE	d40a8379b81fff80b454c217f0b2d1dbc8467b7004084a96701ec8577f493af1	formal-task-or-report	reviewed-project-evidence	mixed	docs/collaboration/部门/设计部/岗位说明.md
INCLUDE_EVIDENCE	f850bace8eb59abd3daa23399d3f852069077b234180f0f3c8a46546c3706c18	formal-task-or-report	reviewed-project-evidence	mixed	docs/collaboration/部门/设计部/报告/2026-08-02-F1资讯聚合体验与信息架构基准研究.md
INCLUDE_EVIDENCE	0bbcf27a68d0f2c72a31e4226284ad9cbf43d13ff929fd4d99cec985c3de3b93	formal-task-or-report	reviewed-project-evidence	mixed	docs/collaboration/部门/设计部/报告/2026-08-02-M4-C层四页组件与状态实现交接清单.md
INCLUDE_EVIDENCE	c2ab6fc4a45771a62d676f7a922093a35fb4dab8eb86e8f71522fed48328dc98	formal-task-or-report	reviewed-project-evidence	mixed	docs/collaboration/部门/设计部/报告/2026-08-03-M4-VS-1公开前端P1整改独立设计核验报告.md
INCLUDE_EVIDENCE	e46f8135ebb230eb3643fb2174870e9df653d7a512bb319f8e30231fe00fe794	formal-task-or-report	reviewed-project-evidence	mixed	docs/collaboration/部门/设计部/报告/2026-08-04-公开前端API接线独立体验与视觉验收报告.md
INCLUDE_EVIDENCE	e0be1e31d77e9b83792b477e7276e68462268d1c20351ede48ab7c93b879e40e	formal-task-or-report	reviewed-project-evidence	mixed	docs/collaboration/部门/设计部/报告/2026-08-07-v0.2草案证据收尾报告.md
INCLUDE_EVIDENCE	2d3941e7727ac01bc8ab6f63472bebc839ce8df42779bbcbb9415a2da82c43e2	formal-task-or-report	reviewed-project-evidence	mixed	docs/collaboration/部门/设计部/报告/2026-08-07-媒体区与图片交互修订报告.md
INCLUDE_EVIDENCE	f422c20d3d46ed1cbf8f77408d22a5ad5759e667a5f6bdf93cc67f2864cb4774	formal-task-or-report	reviewed-project-evidence	mixed	docs/collaboration/部门/设计部/报告/2026-08-07-相册式轮播设计报告.md
INCLUDE_EVIDENCE	dd02482ec852792c05e58e9d680e52f716f904b9cce6097040aea8abf68ce105	formal-task-or-report	reviewed-project-evidence	mixed	docs/collaboration/部门/设计部/报告/2026-08-08-v0.2最终设计基准冻结报告.md
INCLUDE_EVIDENCE	2338ef4be279f030906ba129a3f383b0e998538f747e9044dc378388c1817d7b	formal-task-or-report	reviewed-project-evidence	mixed	docs/collaboration/部门/设计部/报告/2026-08-08-单主图右下角缩略图修订报告.md
INCLUDE_EVIDENCE	0fd6e1ce81e7938b1bf5c79ea7f1ab8533e57527061405910cd4fca6cfad55b2	formal-task-or-report	reviewed-project-evidence	mixed	docs/collaboration/部门/设计部/报告/2026-08-08-悬浮按钮与设置面板修订报告.md
INCLUDE_EVIDENCE	c7d6827c0945215e8f655d5e7f056413ea6870e06f71323f03dfeae77ee07dfb	formal-task-or-report	reviewed-project-evidence	mixed	docs/collaboration/部门/设计部/报告/2026-08-08-悬浮按钮无框样式修订报告.md
INCLUDE_EVIDENCE	474ed93ff3f036aa7f6bb6e622258d1d6047eb71d002fe18faf2e3fd399e7394	formal-task-or-report	reviewed-project-evidence	mixed	docs/collaboration/部门/设计部/报告/2026-08-08-手机端缩略图对齐修复报告.md
INCLUDE_EVIDENCE	4c88f692370adec9aae2bded9186309085e9d0e3a7da5772eebca1a4aa87adf3	formal-task-or-report	reviewed-project-evidence	mixed	docs/collaboration/部门/设计部/报告/2026-08-08-摘要与按钮对齐修订报告.md
INCLUDE_EVIDENCE	b235339ff327bee72d8da7536535cfad7f733e4a8833a9d0db5710d80877c568	formal-task-or-report	reviewed-project-evidence	mixed	docs/collaboration/部门/设计部/报告/2026-08-08-时间线对齐与中文提炼修订报告.md
INCLUDE_EVIDENCE	a947ce9ea857fd9b1bc35f7e4d4155da5e9b541e471bd7c0777efc62a2687385	formal-task-or-report	reviewed-project-evidence	mixed	docs/collaboration/部门/设计部/报告/2026-08-08-滑动切图交互补充报告.md
INCLUDE_EVIDENCE	934cc736735955371836a954363289d63b7083cdd1e9f3137a98a28c76351708	formal-task-or-report	reviewed-project-evidence	mixed	docs/collaboration/部门/设计部/报告/2026-08-08-移动端版面优化与滑动修复报告.md
INCLUDE_EVIDENCE	b303d20b9d63ebe69afdf109df7708bcfe87248bddb3c18a53ee8620f165eb45	formal-task-or-report	reviewed-project-evidence	mixed	docs/collaboration/部门/设计部/报告/2026-08-08-缩略图与前往原文排版修订报告.md
INCLUDE_EVIDENCE	04a689aa3df669639c93971198a42c505454e9c6e8ed3320a8ae531427b3fae2	formal-task-or-report	reviewed-project-evidence	mixed	docs/collaboration/部门/设计部/报告/证据/TASK-20260804-897075/1440-dark-detail-error.png
INCLUDE_EVIDENCE	2e86630d0f935abde9c137033d7b59fb257c8e2155de450b092dc80c1d49d065	formal-task-or-report	reviewed-project-evidence	mixed	docs/collaboration/部门/设计部/报告/证据/TASK-20260804-897075/1440-dark-feed-error.png
INCLUDE_EVIDENCE	037b3b76cd6e6e99893111e508e5467d59abeac578cd30974327ed49c0f14533	formal-task-or-report	reviewed-project-evidence	mixed	docs/collaboration/部门/设计部/报告/证据/TASK-20260804-897075/1440-light-feed-error.png
INCLUDE_EVIDENCE	084a43be30aad8b35bc7e668f020cefa1f8cb208a5d4a67026ca3d41126a7238	formal-task-or-report	reviewed-project-evidence	mixed	docs/collaboration/部门/设计部/报告/证据/TASK-20260804-897075/390-dark-feed-error.png
INCLUDE_EVIDENCE	cdec81efbf54cebd78aea8696f4f6c3864cf16b551b522407c64b92a3dd26997	formal-task-or-report	reviewed-project-evidence	mixed	docs/collaboration/部门/设计部/报告/证据/TASK-20260804-897075/390-dark-filter-contained.png
INCLUDE_EVIDENCE	cc702fe69f82933698d10140ee42f68d03bedb25eff33d0e5b08edf861c53886	formal-task-or-report	reviewed-project-evidence	mixed	docs/collaboration/部门/设计部/报告/证据/TASK-20260804-897075/390-light-detail-error.png
INCLUDE_EVIDENCE	2a94448e8f9d01e4676dd6e3a630d96eb7755d6bce542bf0bdc4091ebb663a08	formal-task-or-report	reviewed-project-evidence	mixed	docs/collaboration/部门/设计部/报告/证据/TASK-20260804-897075/390-light-feed-error.png
INCLUDE_EVIDENCE	8bc0917dde610f9be880f664407b88b4e8c64da8784af9bcc1929e8c810a8c75	formal-task-or-report	reviewed-project-evidence	mixed	docs/collaboration/部门/设计部/收件箱.md
INCLUDE_EVIDENCE	6ed0da8bc97b4606f053b02e7970a2b0c6b2970869f43413e15af381611e59d4	formal-task-or-report	reviewed-project-evidence	mixed	docs/collaboration/部门表.md
INCLUDE_EVIDENCE	d0730b9142a304f5d026d53bc7b8e5d47e63809142c35d0eca38c1c5379fe0eb	formal-task-or-report	reviewed-project-evidence	mixed	docs/collaboration/错题集.md
INCLUDE_APP	168b9708cac609b6ebefdbc94e48efdae8023cf62252a26edad9ec9bbd9bfa02	accepted-app-task-chain	project-source	no	app/.env.example
INCLUDE_APP	8b07777b92a1563e3fd431fba48a8e06bcbdb15915509f32ab17755131a0a81f	accepted-app-task-chain	project-source	no	app/.gitignore
INCLUDE_APP	55075b5ec4e8b31936cbbc282b8829116d1fd48f2f2f1856dee592a6650700ce	accepted-app-task-chain	project-source	no	app/.node-version
INCLUDE_APP	be7906950cc4de765c6933ebada746d495050d9a6b4b61ddf0d261d0a8c747b1	accepted-app-task-chain	project-source	no	app/.npmrc
INCLUDE_APP	55075b5ec4e8b31936cbbc282b8829116d1fd48f2f2f1856dee592a6650700ce	accepted-app-task-chain	project-source	no	app/.nvmrc
INCLUDE_APP	4af8987935d28bf6f3b8daa452f2b2ea4ab22b5557488d4e737b42f54a855702	accepted-app-task-chain	project-source	no	app/DEPLOYMENT-PREP.md
INCLUDE_APP	4d8a8d75c48726e61aaa57c04533d15f9aed5cbc89c37c8c3f7743de12329b94	accepted-app-task-chain	project-source	no	app/eslint.config.mjs
INCLUDE_APP	e3b0c44298fc1c149afbf4c8996fb92427ae41e4649b934ca495991b7852b855	accepted-app-task-chain	project-source	no	app/fixtures/.gitkeep
INCLUDE_APP	01ba4719c80b6fe911b091a7c05124b64eeece964e09c058ef8f9805daca546b	accepted-app-task-chain	project-source	no	app/migrations/.gitkeep
INCLUDE_APP	9c8c083b8f3c566023e9438c254d5b1c09d87430dec08f6e6905ed84b6fb3176	accepted-app-task-chain	project-source	no	app/migrations/0001_local_foundation.sql
INCLUDE_APP	12a755754744689f977ac8b8d5d4443ec63cd5612aaff50eb920badf1ebfb031	accepted-app-task-chain	project-source	no	app/migrations/0002_source_fixture.sql
INCLUDE_APP	57df4d990cded9d69551d0acf97615ef5d9fd3d5ecceb05ebb10d3812549498a	accepted-app-task-chain	project-source	no	app/migrations/0003_public_synthetic_profile.sql
INCLUDE_APP	7b550dda9686c16f36a17bf9051d5dbf31e98555b30d114ac49fc49a1e712651	accepted-app-task-chain	project-source	no	app/next-env.d.ts
INCLUDE_APP	4cad194c09413d0436f990ddb4a79c886d97611a01c592fd2a43f5f0d9eae313	accepted-app-task-chain	project-source	no	app/next.config.ts
INCLUDE_APP	89807e33818cfb851b57da65a5675e413e5593d01d6773c3a71a6cc6ea3d85d3	accepted-app-task-chain	project-source	no	app/package-lock.json
INCLUDE_APP	035ca42a95ed201ebaab46413a17417c6e48e25f84da11e95436c0014e8a75c1	accepted-app-task-chain	project-source	no	app/package.json
INCLUDE_APP	d8a62786f641848fd38873ec9179ef8472a93252aca60a892a98a2cb017a4c0f	accepted-app-task-chain	project-source	no	app/scripts/db-migrate.ts
INCLUDE_APP	bcfd9f8a2f2a92ccea81007debff2b7baf1c443b2174711e025d6d81ec50d29c	accepted-app-task-chain	project-source	no	app/scripts/p1-acceptance.ts
INCLUDE_APP	f960af332db843dd0f5500d6d5f7257570291608cf413d633c28ab41d2349020	accepted-app-task-chain	project-source	no	app/scripts/pending.mjs
INCLUDE_APP	e27a72b9d599fa41849cd6e7c9fed6cf89940fb4b5ed469e07c4961bd39cdb7e	accepted-app-task-chain	project-source	no	app/scripts/public-http-acceptance.ts
INCLUDE_APP	0403b98ae655ef5e670526c5acb9318dca26b5b273562fddc5c8872daeec8cb5	accepted-app-task-chain	project-source	no	app/scripts/runtime-bootstrap.ts
INCLUDE_APP	16088499c69bd41940788661584fac588ecf9d969e2ba7c5fcf3c34e7d45dd4d	accepted-app-task-chain	project-source	no	app/scripts/runtime-config.ts
INCLUDE_APP	5a9578b4ad08307459e6fcb420ee74522347472a104ec1b20ff30700f6c95b75	accepted-app-task-chain	project-source	no	app/scripts/seed-fixtures.ts
INCLUDE_APP	2768aef0b12a71f3e21e0c3474e380ad52e3a22ab314c737743f0fea7ff5039e	accepted-app-task-chain	project-source	no	app/scripts/serve.ts
INCLUDE_APP	4b90f5b21898fd1c7236443c41dd54ac125933e3266e5f5adc806d363c9cc954	accepted-app-task-chain	project-source	no	app/scripts/verify-env.ts
INCLUDE_APP	01ba4719c80b6fe911b091a7c05124b64eeece964e09c058ef8f9805daca546b	accepted-app-task-chain	project-source	no	app/src/app/(admin)/.gitkeep
INCLUDE_APP	01ba4719c80b6fe911b091a7c05124b64eeece964e09c058ef8f9805daca546b	accepted-app-task-chain	project-source	no	app/src/app/(public)/.gitkeep
INCLUDE_APP	01ba4719c80b6fe911b091a7c05124b64eeece964e09c058ef8f9805daca546b	accepted-app-task-chain	project-source	no	app/src/app/api/.gitkeep
INCLUDE_APP	b05d038c8907b47430de7284ba57498a83f89956c6880bb5bb01a9c8416cb647	accepted-app-task-chain	project-source	no	app/src/app/api/health/route.ts
INCLUDE_APP	61ece1c80f3e03004cf9fb1cdfbc6b33d15f7c9721832522d99f282a3f2c5d76	accepted-app-task-chain	project-source	no	app/src/app/api/public/feed/route.ts
INCLUDE_APP	aae6f61abb1123c90a8aa7631c26b62c54fd681cc239d7d48453f92516c56c1a	accepted-app-task-chain	project-source	no	app/src/app/api/public/stories/[publicId]/route.ts
DEFER_CONTRACT	77e94dff98bef04837436e51be0df9f77f97eabdb0307159c5258b6b96c99018	post-acceptance-unclosed	project-source	no	app/src/app/globals.css
INCLUDE_APP	7532b6f1a084e762f0fec28bb674be7fd7256b4366e65c5196c5fc6f134fb878	accepted-app-task-chain	project-source	no	app/src/app/layout.tsx
INCLUDE_APP	853cff32988d0344e6e5ec0b566be327148121c4fc934ff8cebdc10b5316104e	accepted-app-task-chain	project-source	no	app/src/app/page.tsx
INCLUDE_APP	95d3b68dc4c8b82c95fbcc50a11d085b70bbd5b3e33fb33252456dd0fb4b6778	accepted-app-task-chain	project-source	no	app/src/app/stories/[publicId]/not-found.tsx
INCLUDE_APP	4a6d7219d8e6beb4930bd3527cf668c5dfde51a67b69fa805c955a33e5d2ee9d	accepted-app-task-chain	project-source	no	app/src/app/stories/[publicId]/page.tsx
INCLUDE_APP	4237c0ac004858831e14ff669e17eb1bf1560e2b3a96dc18b218ba459b2f21ae	accepted-app-task-chain	project-source	no	app/src/components/f1/f1-page-shell.tsx
INCLUDE_APP	30460bb50cc0b98e64eeb15519094c19d515792bab01ec2f7bca1aa953948dd5	accepted-app-task-chain	project-source	no	app/src/components/f1/story-parts.tsx
INCLUDE_APP	ba704ea53fce6d3abb533a5a15aa787f6b7dee390e9bed332cc59ba0e16bb4cc	accepted-app-task-chain	project-source	no	app/src/components/f1/theme-preference.ts
DEFER_CONTRACT	eb84d0b399fdb00be0394e704d144dbbe5847f10a7ea8e9f7ef37c0329155b79	post-acceptance-unclosed	project-source	no	app/src/features/stories/feed-experience.tsx
INCLUDE_APP	e4cc0da66c066b8ebbdcb8ab6fbdc240e06e4010419920321fbcbb96501900f2	accepted-app-task-chain	project-source	no	app/src/features/stories/hash-params.ts
INCLUDE_APP	a8baccbaa3cf95b997113d0cb00db1ab902c230759959d454d268d9e2bece033	accepted-app-task-chain	project-source	no	app/src/features/stories/public-api.ts
INCLUDE_APP	f132586bc6cac7fbc8586faf83a668b909c0b4e81447377f7fb6a93d77059400	accepted-app-task-chain	project-source	no	app/src/features/stories/story-detail-experience.tsx
INCLUDE_APP	90e42256837b4859fd63f0404cab27dd59bdded88080816dee959ebf035972e0	accepted-app-task-chain	project-source	no	app/src/features/stories/timeline-search.ts
INCLUDE_APP	01ba4719c80b6fe911b091a7c05124b64eeece964e09c058ef8f9805daca546b	accepted-app-task-chain	project-source	no	app/src/modules/dedupe/.gitkeep
INCLUDE_APP	01ba4719c80b6fe911b091a7c05124b64eeece964e09c058ef8f9805daca546b	accepted-app-task-chain	project-source	no	app/src/modules/ingestion/.gitkeep
INCLUDE_APP	01ba4719c80b6fe911b091a7c05124b64eeece964e09c058ef8f9805daca546b	accepted-app-task-chain	project-source	no	app/src/modules/media/.gitkeep
INCLUDE_APP	01ba4719c80b6fe911b091a7c05124b64eeece964e09c058ef8f9805daca546b	accepted-app-task-chain	project-source	no	app/src/modules/normalization/.gitkeep
INCLUDE_APP	01ba4719c80b6fe911b091a7c05124b64eeece964e09c058ef8f9805daca546b	accepted-app-task-chain	project-source	no	app/src/modules/publication/.gitkeep
INCLUDE_APP	01ba4719c80b6fe911b091a7c05124b64eeece964e09c058ef8f9805daca546b	accepted-app-task-chain	project-source	no	app/src/modules/review/.gitkeep
INCLUDE_APP	01ba4719c80b6fe911b091a7c05124b64eeece964e09c058ef8f9805daca546b	accepted-app-task-chain	project-source	no	app/src/modules/shared/.gitkeep
INCLUDE_APP	01ba4719c80b6fe911b091a7c05124b64eeece964e09c058ef8f9805daca546b	accepted-app-task-chain	project-source	no	app/src/modules/source-registry/.gitkeep
INCLUDE_APP	01ba4719c80b6fe911b091a7c05124b64eeece964e09c058ef8f9805daca546b	accepted-app-task-chain	project-source	no	app/src/modules/summary/.gitkeep
INCLUDE_APP	01ba4719c80b6fe911b091a7c05124b64eeece964e09c058ef8f9805daca546b	accepted-app-task-chain	project-source	no	app/src/server/config/.gitkeep
INCLUDE_APP	1dc7f4999083b167635d918d374889b81f03612268a7712c5880920f403ecde1	accepted-app-task-chain	project-source	no	app/src/server/config/capabilities.ts
INCLUDE_APP	7158d2d4233d24326a08abf80ec247c07527627f987a0a7c4370f388e5909877	accepted-app-task-chain	project-source	no	app/src/server/config/env.ts
INCLUDE_APP	41f7aecf87af868228db60bd2ecabd5d5be461e6c66bb0ef54806e8aa5c2d627	accepted-app-task-chain	project-source	no	app/src/server/config/registry.ts
INCLUDE_APP	01ba4719c80b6fe911b091a7c05124b64eeece964e09c058ef8f9805daca546b	accepted-app-task-chain	project-source	no	app/src/server/db/.gitkeep
INCLUDE_APP	ac13805e63a01961ed5e508a782a47579deaf91bc5a95dbf8d8c7e928c6bf5d0	accepted-app-task-chain	project-source	no	app/src/server/db/database.ts
INCLUDE_APP	a0cd5842b8eebfb212ff169c643fcadad370277416f5400fc4847ff4f9c751b9	accepted-app-task-chain	project-source	no	app/src/server/db/profile.ts
INCLUDE_APP	e3396e73d5ed9f8b8ebd881971c506d899013ba38a02ffe30cde54d500a6c81f	accepted-app-task-chain	project-source	no	app/src/server/db/public-synthetic.ts
INCLUDE_APP	3d97c58c3e5ed56c47d2c9102a53aea135ec11eb3137766a830d7c4086001865	accepted-app-task-chain	project-source	no	app/src/server/db/seed.ts
INCLUDE_APP	f3ae776e0b737744059f0272d27f30099ae5a0e8f3d5602bf831ba6d8dbd7116	accepted-app-task-chain	project-source	no	app/src/server/db/source.ts
INCLUDE_APP	36f2439092f5dc37866596e44ca4511a0873381cbb3ce4d96d80ba079bb21093	accepted-app-task-chain	project-source	no	app/src/server/health.ts
INCLUDE_APP	01ba4719c80b6fe911b091a7c05124b64eeece964e09c058ef8f9805daca546b	accepted-app-task-chain	project-source	no	app/src/server/providers/.gitkeep
INCLUDE_APP	27b77e1a5522999b3084090b0c613ae531bbaf3030fa166ad60df81c22b8c21a	accepted-app-task-chain	project-source	no	app/src/server/providers/fixture.ts
INCLUDE_APP	8eda1801d15cd89d825cbaa2ee12513b15b4e377b438388ba22d201014f24fed	accepted-app-task-chain	project-source	no	app/src/server/providers/source-fixture.ts
INCLUDE_APP	e20f8b95d779ade72e1c34c9f3c8ed60b5509db3014e3059ea5c51b48529e74d	accepted-app-task-chain	project-source	no	app/src/server/public/cursor.ts
INCLUDE_APP	cb1d0846e2684272241eba464a1dd112f097e665336bef8ead7d85c1f35af0cd	accepted-app-task-chain	project-source	no	app/src/server/public/error.ts
INCLUDE_APP	e5a0a1494884614882938b007620ae1e17d8b3d395000b3bb6288cc6d952aa13	accepted-app-task-chain	project-source	no	app/src/server/public/http.ts
INCLUDE_APP	b8db82246c37a174cc040bfd821c4fdc838d3e691f741d3cdcf2d8ef329c49e4	accepted-app-task-chain	project-source	no	app/src/server/public/repository.ts
INCLUDE_APP	4387c4cc7b372412ec2411bfcc58c7632c3819836b6607379497d8fd8fb5218f	accepted-app-task-chain	project-source	no	app/src/server/public/runtime.ts
INCLUDE_APP	ac0f777c2c57be73bb0152f19c7b3078af534093079fa13ee976862c553ae24b	accepted-app-task-chain	project-source	no	app/src/server/public/types.ts
INCLUDE_APP	c2d2d209f6e2851066aec7e7ff1f21b67414c5389685e527ae14abd024e3be92	accepted-app-task-chain	project-source	no	app/src/server/runtime-config.ts
INCLUDE_APP	01ba4719c80b6fe911b091a7c05124b64eeece964e09c058ef8f9805daca546b	accepted-app-task-chain	project-source	no	app/src/server/security/.gitkeep
INCLUDE_APP	1126cca2471da18160b8d870bd4a1d030610324e5b0c1e1ccbf78e4c7ce42e85	accepted-app-task-chain	project-source	no	app/src/server/security/cli.ts
INCLUDE_APP	f69347a4d054cb4ce05f92bd333fba4b80b00dfe21108db110da12c7e41e4b00	accepted-app-task-chain	project-source	no	app/src/server/security/log.ts
INCLUDE_APP	01ba4719c80b6fe911b091a7c05124b64eeece964e09c058ef8f9805daca546b	accepted-app-task-chain	project-source	no	app/src/server/workers/.gitkeep
INCLUDE_APP	01ba4719c80b6fe911b091a7c05124b64eeece964e09c058ef8f9805daca546b	accepted-app-task-chain	project-source	no	app/src/styles/.gitkeep
INCLUDE_APP	01ba4719c80b6fe911b091a7c05124b64eeece964e09c058ef8f9805daca546b	accepted-app-task-chain	project-source	no	app/src/tests/.gitkeep
INCLUDE_APP	8ec6f8606725d0242e24b949959b4712bf2bad167c553764d4b9abca6b42e7ce	accepted-app-task-chain	project-source	no	app/src/tests/p1-cli.test.ts
INCLUDE_APP	e22c74bc5b23b3e2e6f75d1a3487b003afb8208a10570e987b296e46d62224ab	accepted-app-task-chain	project-source	no	app/src/tests/public-api.test.ts
INCLUDE_APP	5c27f91092356dae07d85466ce41b4643df959fc658739f48bc660d83a8fbe26	accepted-app-task-chain	project-source	no	app/src/tests/public-synthetic-seed.test.ts
DEFER_CONTRACT	914deb43d44fef88640d5f74373fa621aa0a66cf74151ab7a3cc9ba563a64074	post-acceptance-unclosed	project-source	no	app/src/tests/public-ui.test.ts
INCLUDE_APP	68aa3b98ad99d3bb0409b50fb6ac6815cba2b6b656351b73b710bdfe26d12e87	accepted-app-task-chain	project-source	no	app/src/tests/runtime-profile-boundary.test.ts
INCLUDE_APP	26d0da961af97cd12bf78a72666e4de1a9a719f69304fd7ff239629f7e8836e6	accepted-app-task-chain	project-source	no	app/src/tests/vs0.test.ts
INCLUDE_APP	f0bc1b5065bef0e55c337792a6227010bfe48685af0be4dcea076c3cb391519b	accepted-app-task-chain	project-source	no	app/tsconfig.json
INCLUDE_APP	26969b2534a1c15daa9383d98ae2def7c1bad2dc65710a33540fbb005c5e177b	accepted-app-task-chain	project-source	no	app/vitest.config.ts
INCLUDE_DATA	fdf4ae9522995ddc881d9edb2780b9761705b96994a9b9c85c99846e385af31f	formal-data-contract	synthetic-review-required	mixed	data/m3-base-shadow-import-v0/generate_payloads.py
INCLUDE_DATA	b743abaee8ef68db586148e58afdcc9dec2b6fe07bab61ad7c779327d4076870	formal-data-contract	synthetic-review-required	mixed	data/m3-base-shadow-import-v0/main-source-fields.json
INCLUDE_DATA	e73b8d6b8a9b1a018dc7d30c90bfe3111b10caeb6fee28486edf27f176a05de5	formal-data-contract	synthetic-review-required	mixed	data/m3-base-shadow-import-v0/main-source-record-batch.json
INCLUDE_DATA	c6d681ba9428107801e7077a65e265176d684575d8d2e16c6958d19722791e29	formal-data-contract	synthetic-review-required	mixed	data/m3-base-shadow-import-v0/manifest.json
INCLUDE_DATA	378b2c2b0c1369198dfa84e8961d7ad1a4aa247238a1389c213dbf7dc37ea6b6	formal-data-contract	synthetic-review-required	mixed	data/m3-base-shadow-import-v0/mobile-capture-fields.json
INCLUDE_DATA	216018309d80cf946ed3cccfdeee2e61713e05ab9c6bfbd294a4ea6f4f8fe2a6	formal-data-contract	synthetic-review-required	mixed	data/m4-vs0-seed-enrichment-v0/implementation-mapping.json
INCLUDE_DATA	473c6f0dd5176ea6a8122577f07c5795c01f3b4c2df737f8f7973968781c5c39	formal-data-contract	synthetic-review-required	mixed	data/m4-vs0-seed-enrichment-v0/manifest.json
INCLUDE_DATA	1460251e24b3319faf18114056134f5bd1fc85d69ced6589e8e1a066713e47af	formal-data-contract	synthetic-review-required	mixed	data/m4-vs0-seed-enrichment-v0/seed-enrichment-validator.py
INCLUDE_DATA	d4da9fc24c792c0471bcd24c525a46dcef1e521b36a870fd111e7310243888b2	formal-data-contract	synthetic-review-required	mixed	data/m4-vs0-seed-enrichment-v0/source-seed-enriched.json
INCLUDE_DATA	c7d9d88b170214b283a214625d6fd2028fd8eb3a6a2701c556cb2364eb9941e4	formal-data-contract	synthetic-review-required	mixed	data/mvp-contract-v0.4-public-synthetic/fixtures.public-synthetic.json
INCLUDE_DATA	34ecfa83fec1f89a22d877e554c4ce5c4d11c1bad6b7f09f123fea3ede1cb81a	formal-data-contract	synthetic-review-required	mixed	data/mvp-contract-v0.4-public-synthetic/generate_public_fixture.py
INCLUDE_DATA	3b296868dc0c0000fb94856b334ff7d1f698e3e80d4bb02e7062142dc1a0e554	formal-data-contract	synthetic-review-required	mixed	data/mvp-contract-v0.4-public-synthetic/manifest.json
INCLUDE_DATA	c9a83ddc7b99386181bcde3b9286f3c6d6fd83acff599a09a8d1a4639e025e90	formal-data-contract	synthetic-review-required	mixed	data/mvp-contract-v0.4-public-synthetic/profile-boundary.json
INCLUDE_DATA	1f7719490a18a49842427907b53c3dbde5813709a2ad611f7cfaca891880caf1	formal-data-contract	synthetic-review-required	mixed	data/mvp-contract-v0.4-public-synthetic/profile-ledger.json
INCLUDE_DATA	285bfe529b492c81fe883097615ebae34effbe6a9123a1bfd0184973f3fe7be2	formal-data-contract	synthetic-review-required	mixed	data/mvp-contract-v0.4-public-synthetic/public-dto-mapping.json
INCLUDE_DATA	4b2d1abec6c6315c92fd2ae70c6422b894e380850a9b9408d35a385c777ca11f	formal-data-contract	synthetic-review-required	mixed	data/mvp-contract-v0.4-public-synthetic/schema.json
INCLUDE_DATA	42188f0b621bdfa9333fbe8b7541b284faf5e82ed655369b4a2feda383a4dcb1	formal-data-contract	synthetic-review-required	mixed	data/mvp-contract-v0.4-public-synthetic/stories.input.json
INCLUDE_DATA	058be83bdded7f5c60028f0a2e537c510e9386934284684fffb119d2e487360c	formal-data-contract	synthetic-review-required	mixed	data/mvp-contract-v0.4-public-synthetic/validate_public_fixture.py
INCLUDE_DATA	f0a086099d0f4ce9bbcd1afb0533aef90ec8d4f00b1618cc5114bebe40601f9d	formal-data-contract	synthetic-review-required	mixed	data/mvp-contract-v0/base-mapping.json
INCLUDE_DATA	e56122c0d99761df2e48bfed817c45e0e184d10130ea5bfce89e1d1be56f4abf	formal-data-contract	synthetic-review-required	mixed	data/mvp-contract-v0/fixtures.synthetic.json
INCLUDE_DATA	3f62c2eabdbd95c4b26bb878028481695aed5ab93173d3cba608acd1e6bf3841	formal-data-contract	synthetic-review-required	mixed	data/mvp-contract-v0/generate_contract.py
INCLUDE_DATA	462605a2258d2922d9b982f490aeda3a1395f9e1dcf718fb8745e49db2afade8	formal-data-contract	synthetic-review-required	mixed	data/mvp-contract-v0/internal-contract.schema.json
INCLUDE_DATA	6fa873675732a06e440d8d67923647a9938d264b1162a485d3abf02ef33f86d8	formal-data-contract	synthetic-review-required	mixed	data/mvp-contract-v0/internal-fixtures.synthetic.json
INCLUDE_DATA	8a371102c28eaa557d33df8672338cb3aba7b7ae1fe75c0c357c8edaa23b2cde	formal-data-contract	synthetic-review-required	mixed	data/mvp-contract-v0/manifest.json
INCLUDE_DATA	15d398cbaaefa37dabfa6af9b7b9c3cc8b207922ef67b0889329366f8336b30d	formal-data-contract	synthetic-review-required	mixed	data/mvp-contract-v0/runtime-envelope.schema.json
INCLUDE_DATA	de6c6c07a33589106ebb93496ad10ae3b06ab1c7845e4e0e91888ca0b17ae5a4	formal-data-contract	synthetic-review-required	mixed	data/mvp-contract-v0/schema.json
INCLUDE_DATA	3a8dcd859f48edcd65ab6a05a4b34280f3629f7c879236dbab3ce83e61b78d0a	formal-data-contract	synthetic-review-required	mixed	data/mvp-contract-v0/security-fixtures.schema.json
INCLUDE_DATA	66ace7a1e1800d740f75b35fd55234c7417b9acae7ef1c0a32757eec3051db22	formal-data-contract	synthetic-review-required	mixed	data/mvp-contract-v0/security-fixtures.synthetic.json
INCLUDE_DATA	d8a9d5cbfb8f3b209557ef7c6ef904e8c63b03d577b461d4f2ecb2aae7b40459	formal-data-contract	synthetic-review-required	mixed	data/mvp-contract-v0/seed-layers.json
INCLUDE_DATA	d5ca45fd60c2ad08c60929abd714f6e80c43c20f561be0c0a18e3baa17c7c120	formal-data-contract	synthetic-review-required	mixed	data/mvp-contract-v0/state-machine.json
INCLUDE_DATA	a145133e9d2c0257068edf70b9f4ee31b4f836a2496c7a53b9b25de2df93f217	formal-data-contract	synthetic-review-required	mixed	data/real-collection-slice-v0/fixture.synthetic.json
INCLUDE_DATA	2cc4b16fd61209cba60fb232c091a01bd538cb9fb094617e4a776d9391f2b902	formal-data-contract	synthetic-review-required	mixed	data/real-collection-slice-v0/input-gate-package.json
INCLUDE_DATA	6494dde3a95c8f97d443f210ec30d84437f0c3fb96ca0489a91dff854ec33faf	formal-data-contract	synthetic-review-required	mixed	data/real-collection-slice-v0/manifest.json
INCLUDE_DATA	50e15d86ab97e61899e8fa8abbee76674578e35fd1077d44499919dbd67d97a3	formal-data-contract	synthetic-review-required	mixed	data/real-collection-slice-v0/validate_package.py
INCLUDE_DATA	bbb84a7f8f625e8106ae6e0b2714a363940dbf3f20dcbbf300fa6552de1ac01b	formal-data-contract	synthetic-review-required	mixed	data/x-source-inventory-v0.csv
INCLUDE_MIGRATION_CORE	e8c0e82e097555c597017e777100ad081da80897c436225bd2d1f315f0289165	post-clean-handoff	migration-evidence	mixed	migration/CURRENT-HANDOFF.md
INCLUDE_MIGRATION_CORE	0442eb28261c6ce1b28a2666b8231634779f1d7cbba645f44a08870537ff68d3	post-clean-handoff	migration-evidence	mixed	migration/DEPARTMENT-HANDOFF-PROMPTS.md
INCLUDE_MIGRATION_CORE	49d9bca93bd37fe8cb40b8ebe994b7421463a62290368270d073712345cc879d	post-clean-handoff	migration-evidence	mixed	migration/ENVIRONMENT-MANIFEST.md
INCLUDE_MIGRATION_CORE	03e9b73d42a7709419862676f4f5bd040c6a08fe12fcd5bae2a430037f1ec656	post-clean-handoff	migration-evidence	mixed	migration/README-FIRST.md
INCLUDE_MIGRATION_CORE	be539a19d8cb7acbed798a427fb60bb55ca1e95d87aded40c4d11dade10743fe	post-clean-handoff	migration-evidence	mixed	migration/README-M5-macOS26.6.md
INCLUDE_MIGRATION_CORE	30e76b14aa3b604af7fa9c37d81afd66731172553513208b1ebfd94cf2f4e201	post-clean-handoff	migration-evidence	mixed	migration/RESUME-PROMPT.md
INCLUDE_MIGRATION_CORE	086726ad1bb809391bba1cb15c77d6c28ce48eff4e3d579633bb485c91b85936	post-clean-handoff	migration-evidence	mixed	migration/SECURITY-EXCLUSIONS.md
INCLUDE_MIGRATION_CORE	b030806501d2c57201fdd41c562c1dc994b0e898e5971b14d5eb7bb5d777107c	post-clean-handoff	migration-evidence	mixed	migration/THREAD-MAP.md
INCLUDE_MIGRATION_CORE	ab3f4d2743bf29e0bd7783c1b5525336f105951d43caa8eb7bb5b686c11b8494	post-clean-handoff	migration-evidence	mixed	migration/conversations/00-main.md
INCLUDE_MIGRATION_CORE	844c09849ea0733e6a7e33a17825ca134cbcb5823cbce91bf2e7072e0e878b4e	post-clean-handoff	migration-evidence	mixed	migration/conversations/01-lead.md
INCLUDE_MIGRATION_CORE	55e93248c1ebff285aa16e47264cde914a4e95512f364c2b3224c836a03d27af	post-clean-handoff	migration-evidence	mixed	migration/conversations/02-product.md
INCLUDE_MIGRATION_CORE	8c526d4f023b57258d22c2212772485d6ba6694480c71c86a6bce8c6f5184675	post-clean-handoff	migration-evidence	mixed	migration/conversations/03-research.md
INCLUDE_MIGRATION_CORE	b26c1a1d0ec97871fac1a878451f5ffa06a308c1604e271b326d5d7fbdcfc3d1	post-clean-handoff	migration-evidence	mixed	migration/conversations/04-design.md
INCLUDE_MIGRATION_CORE	02122faa357d9cbf2631f9b66d8277cd54703f201e46b7224f8e677e4e69acad	post-clean-handoff	migration-evidence	mixed	migration/conversations/05-data.md
INCLUDE_MIGRATION_CORE	abae6b95068725904321c9bf241356a32eacccf74240f46376d2e8b9b4e6a940	post-clean-handoff	migration-evidence	mixed	migration/conversations/06-development.md
INCLUDE_MIGRATION_CORE	fac5aaf857d76c5642b6eb218218e3ff0f350542c26a950ca3cb7283cfe75308	post-clean-handoff	migration-evidence	mixed	migration/conversations/07-security.md
INCLUDE_MIGRATION_CORE	114b5acd89154cc6b01fa34e4109230be742f8f0628ad846e75b1ed6a8892ac5	post-clean-handoff	migration-evidence	mixed	migration/conversations/08-testing.md
INCLUDE_MIGRATION_CORE	6f3cc1150211385da946a5c8aa152cc8e5b73515c5358b09aa4da32411c8b1a2	post-clean-handoff	migration-evidence	mixed	migration/conversations/INDEX.md
INCLUDE_MIGRATION_CORE	40481017e7d5ea6b7330a210e4c3ecb7cd13e42316cec14629e310e33fcf1797	post-clean-handoff	migration-evidence	mixed	migration/conversations/SHA256SUMS
CONDITIONAL_DESIGN	5a84bfb27294ebd727369118a95528f5b788bfacbe2d56cc03fcb006f6168cb1	TASK-20260808-54BB47-pending	design-evidence	mixed	design/ui/F1+1-v0.2-全站设计/F1+1-v0.2-final-20260808.html
CONDITIONAL_DESIGN	6e95221af053375f2d18bc0bb7c83f4303588239d82a51a1a5d1efa63a8e9052	TASK-20260808-54BB47-pending	design-evidence	mixed	design/ui/F1+1-v0.2-全站设计/F1+1-v0.2-token-map.json
CONDITIONAL_DESIGN	1bfb5689646d8ca0429a8f7e12951283db3386c0e872636e588609d82dce13d8	TASK-20260808-54BB47-pending	design-evidence	mixed	design/ui/F1+1-v0.2-全站设计/F1+1-v0.2-对比度验证.md
CONDITIONAL_DESIGN	508717c7e2699a153af3a46064177e764c5b04bc3c21a02f7d735936632d2986	TASK-20260808-54BB47-pending	design-evidence	mixed	design/ui/F1+1-v0.2-全站设计/brand-spec.md
CONDITIONAL_DESIGN	6d7a966044ebadff614f60a7d72c0d59e8cf8d805f2883384872c1d2ce4e69e6	TASK-20260808-54BB47-pending	design-evidence	mixed	design/ui/F1+1-v0.2-全站设计/design-system.md
CONDITIONAL_DESIGN	9dd879937083a3127ef865714a59375f6a15297518f3269ef25b5cfbc672e838	TASK-20260808-54BB47-pending	design-evidence	mixed	design/ui/F1+1-v0.2-全站设计/evidence/final-20260808/F1+1-v0.2-final-dark-1024.png
CONDITIONAL_DESIGN	bea6b45835d4a5f63258959a30ba327a50373977d24747a65ca1b669fef4cc1d	TASK-20260808-54BB47-pending	design-evidence	mixed	design/ui/F1+1-v0.2-全站设计/evidence/final-20260808/F1+1-v0.2-final-dark-1440.png
CONDITIONAL_DESIGN	ce726e1e34e21f2fdc0905e95d9521daed11d96aa068b98cb1386338eb27606b	TASK-20260808-54BB47-pending	design-evidence	mixed	design/ui/F1+1-v0.2-全站设计/evidence/final-20260808/F1+1-v0.2-final-dark-390.png
CONDITIONAL_DESIGN	06f8ecca3e78020e372cf81bf1b32e385f53c02a5082d85dd291fa69e8483bd3	TASK-20260808-54BB47-pending	design-evidence	mixed	design/ui/F1+1-v0.2-全站设计/evidence/final-20260808/F1+1-v0.2-final-light-1024.png
CONDITIONAL_DESIGN	ce5264e2f46a7b26472fe51ba2e4468bc7fe03995eaf1cad4c96d8368cfc00bb	TASK-20260808-54BB47-pending	design-evidence	mixed	design/ui/F1+1-v0.2-全站设计/evidence/final-20260808/F1+1-v0.2-final-light-1440.png
CONDITIONAL_DESIGN	5334c88be26a7b7c4cd5800dc1636fb0fc1d6a55c4d61f515ff6901c6dbdeb15	TASK-20260808-54BB47-pending	design-evidence	mixed	design/ui/F1+1-v0.2-全站设计/evidence/final-20260808/F1+1-v0.2-final-light-390.png
INCLUDE_TRACKED_DOC	5fbaf8ca74049292b8c7a72fa1d7f536d684128e084810ead6f5fa7145e7d610	tracked-formal-doc	project-doc	no	.gitignore
INCLUDE_TRACKED_DOC	20e236b8f83fc14a2f475b6d7fb4b546e69f136e85a35cf4c7131c85fd10e50d	tracked-formal-doc	project-doc	no	app/README.md
INCLUDE_TRACKED_DOC	a3ab85764b3471f7917ace8ce71cb01240c74d4fe1412ccecd0faae626b23968	tracked-formal-doc	project-doc	no	docs/agent-guide.md
INCLUDE_TRACKED_DOC	e4707622bb32b0d0d0d9808881ed309b6476c144d43e6b24bc7cb1e0ad632c3b	tracked-formal-doc	project-doc	no	docs/conventions.md
INCLUDE_TRACKED_DOC	86067dec11cb1dc97f396eb1c3fcb2675f7fa8bc0c41ab376b7ad7ef9767e353	tracked-formal-doc	project-doc	no	docs/handoff.md
INCLUDE_TRACKED_DOC	5b0c46c4a5636b015e39f1d2fed9d3a708357580440c742c2db362d9a451f092	tracked-formal-doc	project-doc	no	docs/progress.md
DEFER_DOC_RECONCILIATION	33e10167e06b1ede066103e8e39f634f93ebc4f12918f175a6fed15b5ef6799a	tracked-doc-needs-reconciliation	project-doc	no	design/README.md
DEFER_DOC_RECONCILIATION	38b1357a8c35c6cc7fbfe87ecdee5057d9b378c055aa317ef2b4be751c725d0b	tracked-doc-needs-reconciliation	project-doc	no	design/ui/README.md
DEFER_DOC_RECONCILIATION	a12ca551b2583f7170c08013036eb4f31148dd41fac687b5d130e20d1ea6aa1f	tracked-doc-needs-reconciliation	project-doc	no	docs/overview.md
DEFER_DOC_RECONCILIATION	20e96d175949f3ee1d9ee78307e83fd3342bd3e52608eed0cdf4bbe4821b740b	tracked-doc-needs-reconciliation	project-doc	no	docs/roadmap.md
DEFER_DOC_RECONCILIATION	abc73c8f0092373b11d157ca2ce9fda1f5e8584c6864aeb5a4ef576a55108bce	tracked-doc-needs-reconciliation	project-doc	no	docs/spec.md
UNKNOWN_PRESERVE	-	unknown-or-conflicting	do-not-stage	unknown	migration/bundles/
UNKNOWN_PRESERVE	-	unknown-or-conflicting	do-not-stage	unknown	migration/manifests/
UNKNOWN_PRESERVE	-	unknown-or-conflicting	do-not-stage	unknown	migration/portable-assets/
UNKNOWN_PRESERVE	-	unknown-or-conflicting	do-not-stage	unknown	migration/scripts/
UNKNOWN_PRESERVE	-	unknown-or-conflicting	do-not-stage	unknown	design/ui/F1+1-v0.2-全站设计/evidence/
UNKNOWN_PRESERVE	-	unknown-or-conflicting	do-not-stage	unknown	.obsidian/
EXCLUDE_GIT	27ea29146964bb3b90caa171eca72f27de9c5699a377adb73a31f6897f099a70	local-generated-or-sensitive	exclude-git	mixed	app/.env
EXCLUDE_GIT	-	local-generated-or-sensitive	exclude-git	mixed	app/.local/
EXCLUDE_GIT	-	local-generated-or-sensitive	exclude-git	mixed	app/node_modules/
EXCLUDE_GIT	-	local-generated-or-sensitive	exclude-git	mixed	app/.next/
EXCLUDE_GIT	83c9ec6b4936a8c82276b488b67302e120800840cb089d87e37d03db65760ac7	local-generated-or-sensitive	exclude-git	mixed	app/tsconfig.tsbuildinfo
EXCLUDE_GIT	-	local-generated-or-sensitive	exclude-git	mixed	app/Library/
EXCLUDE_GIT	-	local-generated-or-sensitive	exclude-git	mixed	app/~/
EXCLUDE_GIT	-	local-generated-or-sensitive	exclude-git	mixed	app/--disable-gpu/
EXCLUDE_GIT	-	local-generated-or-sensitive	exclude-git	mixed	app/--full-page/
EXCLUDE_GIT	-	local-generated-or-sensitive	exclude-git	mixed	app/--headless=new/
EXCLUDE_GIT	-	local-generated-or-sensitive	exclude-git	mixed	app/--hide-scrollbars/
EXCLUDE_GIT	-	local-generated-or-sensitive	exclude-git	mixed	app/--screenshot=/
EXCLUDE_GIT	-	local-generated-or-sensitive	exclude-git	mixed	app/--user-data-dir=/
EXCLUDE_GIT	-	local-generated-or-sensitive	exclude-git	mixed	app/--window-size=1024,1600/
EXCLUDE_GIT	-	local-generated-or-sensitive	exclude-git	mixed	app/--window-size=1440,2000/
EXCLUDE_GIT	-	local-generated-or-sensitive	exclude-git	mixed	app/-la/
EXCLUDE_GIT	-	local-generated-or-sensitive	exclude-git	mixed	app/http:/
EXCLUDE_GIT	-	local-generated-or-sensitive	exclude-git	mixed	app/ls/
EXCLUDE_GIT	-	local-generated-or-sensitive	exclude-git	mixed	.codex/
EXCLUDE_GIT	-	local-generated-or-sensitive	exclude-git	mixed	docs/collaboration/.locks/
EXCLUDE_GIT	-	local-generated-or-sensitive	exclude-git	mixed	scratch/
